Words,L1,L2,L3,L4,L5
AARGH,A,A,R,G,H
ABACA,A,B,A,C,A
ABACI,A,B,A,C,I
ABACK,A,B,A,C,K
ABAFT,A,B,A,F,T
ABASE,A,B,A,S,E
ABASH,A,B,A,S,H
ABATE,A,B,A,T,E
ABBEY,A,B,B,E,Y
ABBOT,A,B,B,O,T
ABEAM,A,B,E,A,M
ABEND,A,B,E,N,D
ABETS,A,B,E,T,S
ABHOR,A,B,H,O,R
ABIDE,A,B,I,D,E
ABLED,A,B,L,E,D
ABLER,A,B,L,E,R
ABODE,A,B,O,D,E
ABORT,A,B,O,R,T
ABOUT,A,B,O,U,T
ABOVE,A,B,O,V,E
ABSIT,A,B,S,I,T
ABUSE,A,B,U,S,E
ABUTS,A,B,U,T,S
ABUZZ,A,B,U,Z,Z
ABYSS,A,B,Y,S,S
ACHED,A,C,H,E,D
ACHES,A,C,H,E,S
ACHOO,A,C,H,O,O
ACIDS,A,C,I,D,S
ACING,A,C,I,N,G
ACKED,A,C,K,E,D
ACMES,A,C,M,E,S
ACNED,A,C,N,E,D
ACNES,A,C,N,E,S
ACORN,A,C,O,R,N
ACRES,A,C,R,E,S
ACRID,A,C,R,I,D
ACTED,A,C,T,E,D
ACTIN,A,C,T,I,N
ACTOR,A,C,T,O,R
ACUTE,A,C,U,T,E
ADAGE,A,D,A,G,E
ADAPT,A,D,A,P,T
ADDED,A,D,D,E,D
ADDER,A,D,D,E,R
ADDLE,A,D,D,L,E
ADEPT,A,D,E,P,T
ADIEU,A,D,I,E,U
ADIOS,A,D,I,O,S
ADLIB,A,D,L,I,B
ADMAN,A,D,M,A,N
ADMEN,A,D,M,E,N
ADMIT,A,D,M,I,T
ADMIX,A,D,M,I,X
ADOBE,A,D,O,B,E
ADOPT,A,D,O,P,T
ADORE,A,D,O,R,E
ADORN,A,D,O,R,N
ADULT,A,D,U,L,T
ADZES,A,D,Z,E,S
AEGIS,A,E,G,I,S
AERIE,A,E,R,I,E
AFFIX,A,F,F,I,X
AFIRE,A,F,I,R,E
AFOOT,A,F,O,O,T
AFORE,A,F,O,R,E
AFOUL,A,F,O,U,L
AFTER,A,F,T,E,R
AGAIN,A,G,A,I,N
AGAPE,A,G,A,P,E
AGARS,A,G,A,R,S
AGATE,A,G,A,T,E
AGAVE,A,G,A,V,E
AGENT,A,G,E,N,T
AGILE,A,G,I,L,E
AGING,A,G,I,N,G
AGLEY,A,G,L,E,Y
AGLOW,A,G,L,O,W
AGONE,A,G,O,N,E
AGONY,A,G,O,N,Y
AGORA,A,G,O,R,A
AGREE,A,G,R,E,E
AGUES,A,G,U,E,S
AHEAD,A,H,E,A,D
AHHHH,A,H,H,H,H
AHOLD,A,H,O,L,D
AHOYS,A,H,O,Y,S
AIDED,A,I,D,E,D
AIDER,A,I,D,E,R
AIDES,A,I,D,E,S
AILED,A,I,L,E,D
AIMED,A,I,M,E,D
AIMER,A,I,M,E,R
AIOLI,A,I,O,L,I
AIRED,A,I,R,E,D
AIRER,A,I,R,E,R
AISLE,A,I,S,L,E
AITCH,A,I,T,C,H
AJUGA,A,J,U,G,A
ALACK,A,L,A,C,K
ALARM,A,L,A,R,M
ALBUM,A,L,B,U,M
ALDER,A,L,D,E,R
ALECK,A,L,E,C,K
ALEPH,A,L,E,P,H
ALERT,A,L,E,R,T
ALGAE,A,L,G,A,E
ALGAL,A,L,G,A,L
ALGIN,A,L,G,I,N
ALIAS,A,L,I,A,S
ALIBI,A,L,I,B,I
ALIEN,A,L,I,E,N
ALIGN,A,L,I,G,N
ALIKE,A,L,I,K,E
ALIVE,A,L,I,V,E
ALKYD,A,L,K,Y,D
ALKYL,A,L,K,Y,L
ALLAY,A,L,L,A,Y
ALLEY,A,L,L,E,Y
ALLOT,A,L,L,O,T
ALLOW,A,L,L,O,W
ALLOY,A,L,L,O,Y
ALOES,A,L,O,E,S
ALOFT,A,L,O,F,T
ALOHA,A,L,O,H,A
ALONE,A,L,O,N,E
ALONG,A,L,O,N,G
ALOOF,A,L,O,O,F
ALOUD,A,L,O,U,D
ALPHA,A,L,P,H,A
ALTAR,A,L,T,A,R
ALTER,A,L,T,E,R
ALTHO,A,L,T,H,O
ALTOS,A,L,T,O,S
ALUMS,A,L,U,M,S
ALWAY,A,L,W,A,Y
AMAHS,A,M,A,H,S
AMASS,A,M,A,S,S
AMAZE,A,M,A,Z,E
AMBER,A,M,B,E,R
AMBIT,A,M,B,I,T
AMBLE,A,M,B,L,E
AMEBA,A,M,E,B,A
AMEND,A,M,E,N,D
AMENS,A,M,E,N,S
AMIDE,A,M,I,D,E
AMIGO,A,M,I,G,O
AMINE,A,M,I,N,E
AMINO,A,M,I,N,O
AMISS,A,M,I,S,S
AMITY,A,M,I,T,Y
AMMOS,A,M,M,O,S
AMONG,A,M,O,N,G
AMOUR,A,M,O,U,R
AMPED,A,M,P,E,D
AMPLE,A,M,P,L,E
AMPLY,A,M,P,L,Y
AMUCK,A,M,U,C,K
AMUSE,A,M,U,S,E
AMYLS,A,M,Y,L,S
ANDED,A,N,D,E,D
ANENT,A,N,E,N,T
ANGEL,A,N,G,E,L
ANGER,A,N,G,E,R
ANGLE,A,N,G,L,E
ANGRY,A,N,G,R,Y
ANGST,A,N,G,S,T
ANILE,A,N,I,L,E
ANIMA,A,N,I,M,A
ANION,A,N,I,O,N
ANISE,A,N,I,S,E
ANKHS,A,N,K,H,S
ANKLE,A,N,K,L,E
ANNAS,A,N,N,A,S
ANNEX,A,N,N,E,X
ANNOY,A,N,N,O,Y
ANNUL,A,N,N,U,L
ANNUM,A,N,N,U,M
ANODE,A,N,O,D,E
ANOLE,A,N,O,L,E
ANTED,A,N,T,E,D
ANTES,A,N,T,E,S
ANTIC,A,N,T,I,C
ANTIS,A,N,T,I,S
ANTSY,A,N,T,S,Y
ANVIL,A,N,V,I,L
AORTA,A,O,R,T,A
APACE,A,P,A,C,E
APART,A,P,A,R,T
APERS,A,P,E,R,S
APHID,A,P,H,I,D
APHIS,A,P,H,I,S
APIAN,A,P,I,A,N
APING,A,P,I,N,G
APISH,A,P,I,S,H
APNEA,A,P,N,E,A
APORT,A,P,O,R,T
APPLE,A,P,P,L,E
APPLY,A,P,P,L,Y
APRON,A,P,R,O,N
APSES,A,P,S,E,S
APSOS,A,P,S,O,S
APTLY,A,P,T,L,Y
AQUAE,A,Q,U,A,E
AQUAS,A,Q,U,A,S
ARBOR,A,R,B,O,R
ARCED,A,R,C,E,D
ARDOR,A,R,D,O,R
AREAL,A,R,E,A,L
AREAS,A,R,E,A,S
ARENA,A,R,E,N,A
ARGON,A,R,G,O,N
ARGOT,A,R,G,O,T
ARGUE,A,R,G,U,E
ARIAS,A,R,I,A,S
ARISE,A,R,I,S,E
ARITY,A,R,I,T,Y
ARMED,A,R,M,E,D
ARMOR,A,R,M,O,R
AROMA,A,R,O,M,A
AROSE,A,R,O,S,E
ARRAS,A,R,R,A,S
ARRAY,A,R,R,A,Y
ARROW,A,R,R,O,W
ARSES,A,R,S,E,S
ARSON,A,R,S,O,N
ARTSY,A,R,T,S,Y
ARUMS,A,R,U,M,S
ASANA,A,S,A,N,A
ASCOT,A,S,C,O,T
ASHEN,A,S,H,E,N
ASHES,A,S,H,E,S
ASIDE,A,S,I,D,E
ASKED,A,S,K,E,D
ASKER,A,S,K,E,R
ASKEW,A,S,K,E,W
ASPEN,A,S,P,E,N
ASPIC,A,S,P,I,C
ASSAI,A,S,S,A,I
ASSAY,A,S,S,A,Y
ASSED,A,S,S,E,D
ASSES,A,S,S,E,S
ASSET,A,S,S,E,T
ASTER,A,S,T,E,R
ASTIR,A,S,T,I,R
ASTRO,A,S,T,R,O
ATILT,A,T,I,L,T
ATLAS,A,T,L,A,S
ATOLL,A,T,O,L,L
ATOMS,A,T,O,M,S
ATONE,A,T,O,N,E
ATRIA,A,T,R,I,A
ATTAR,A,T,T,A,R
ATTIC,A,T,T,I,C
AUDIO,A,U,D,I,O
AUDIT,A,U,D,I,T
AUGER,A,U,G,E,R
AUGHT,A,U,G,H,T
AUGUR,A,U,G,U,R
AUNTS,A,U,N,T,S
AURAE,A,U,R,A,E
AURAL,A,U,R,A,L
AURAS,A,U,R,A,S
AURIC,A,U,R,I,C
AUTOS,A,U,T,O,S
AVAIL,A,V,A,I,L
AVANT,A,V,A,N,T
AVAST,A,V,A,S,T
AVERS,A,V,E,R,S
AVERT,A,V,E,R,T
AVIAN,A,V,I,A,N
AVOID,A,V,O,I,D
AVOWS,A,V,O,W,S
AWAIT,A,W,A,I,T
AWAKE,A,W,A,K,E
AWARD,A,W,A,R,D
AWARE,A,W,A,R,E
AWASH,A,W,A,S,H
AWAYS,A,W,A,Y,S
AWFUL,A,W,F,U,L
AWING,A,W,I,N,G
AWOKE,A,W,O,K,E
AXELS,A,X,E,L,S
AXIAL,A,X,I,A,L
AXING,A,X,I,N,G
AXIOM,A,X,I,O,M
AXLED,A,X,L,E,D
AXLES,A,X,L,E,S
AXMAN,A,X,M,A,N
AXMEN,A,X,M,E,N
AXONS,A,X,O,N,S
AYINS,A,Y,I,N,S
AZINE,A,Z,I,N,E
AZOIC,A,Z,O,I,C
AZURE,A,Z,U,R,E
BABEL,B,A,B,E,L
BABES,B,A,B,E,S
BACKS,B,A,C,K,S
BACON,B,A,C,O,N
BADDY,B,A,D,D,Y
BADGE,B,A,D,G,E
BADLY,B,A,D,L,Y
BAGEL,B,A,G,E,L
BAGGY,B,A,G,G,Y
BAHTS,B,A,H,T,S
BAILS,B,A,I,L,S
BAIRN,B,A,I,R,N
BAITS,B,A,I,T,S
BAIZE,B,A,I,Z,E
BAKED,B,A,K,E,D
BAKER,B,A,K,E,R
BAKES,B,A,K,E,S
BALDS,B,A,L,D,S
BALDY,B,A,L,D,Y
BALED,B,A,L,E,D
BALER,B,A,L,E,R
BALES,B,A,L,E,S
BALKS,B,A,L,K,S
BALKY,B,A,L,K,Y
BALLS,B,A,L,L,S
BALLY,B,A,L,L,Y
BALMS,B,A,L,M,S
BALMY,B,A,L,M,Y
BALSA,B,A,L,S,A
BANAL,B,A,N,A,L
BANDS,B,A,N,D,S
BANDY,B,A,N,D,Y
BANES,B,A,N,E,S
BANGS,B,A,N,G,S
BANJO,B,A,N,J,O
BANKS,B,A,N,K,S
BANNS,B,A,N,N,S
BARBS,B,A,R,B,S
BARDS,B,A,R,D,S
BARED,B,A,R,E,D
BARER,B,A,R,E,R
BARES,B,A,R,E,S
BARFS,B,A,R,F,S
BARFY,B,A,R,F,Y
BARGE,B,A,R,G,E
BARIC,B,A,R,I,C
BARKS,B,A,R,K,S
BARKY,B,A,R,K,Y
BARMS,B,A,R,M,S
BARMY,B,A,R,M,Y
BARNS,B,A,R,N,S
BARON,B,A,R,O,N
BASAL,B,A,S,A,L
BASED,B,A,S,E,D
BASER,B,A,S,E,R
BASES,B,A,S,E,S
BASIC,B,A,S,I,C
BASIL,B,A,S,I,L
BASIN,B,A,S,I,N
BASIS,B,A,S,I,S
BASKS,B,A,S,K,S
BASSI,B,A,S,S,I
BASSO,B,A,S,S,O
BASTE,B,A,S,T,E
BATCH,B,A,T,C,H
BATED,B,A,T,E,D
BATES,B,A,T,E,S
BATHE,B,A,T,H,E
BATHS,B,A,T,H,S
BATIK,B,A,T,I,K
BATON,B,A,T,O,N
BATTY,B,A,T,T,Y
BAUDS,B,A,U,D,S
BAULK,B,A,U,L,K
BAWDY,B,A,W,D,Y
BAWLS,B,A,W,L,S
BAYED,B,A,Y,E,D
BAYOU,B,A,Y,O,U
BAZAR,B,A,Z,A,R
BEACH,B,E,A,C,H
BEADS,B,E,A,D,S
BEADY,B,E,A,D,Y
BEAKS,B,E,A,K,S
BEAKY,B,E,A,K,Y
BEAMS,B,E,A,M,S
BEAMY,B,E,A,M,Y
BEANO,B,E,A,N,O
BEANS,B,E,A,N,S
BEARD,B,E,A,R,D
BEARS,B,E,A,R,S
BEAST,B,E,A,S,T
BEATS,B,E,A,T,S
BEAUS,B,E,A,U,S
BEAUT,B,E,A,U,T
BEAUX,B,E,A,U,X
BEBOP,B,E,B,O,P
BEBUG,B,E,B,U,G
BECKS,B,E,C,K,S
BEDEW,B,E,D,E,W
BEDIM,B,E,D,I,M
BEECH,B,E,E,C,H
BEEFS,B,E,E,F,S
BEEFY,B,E,E,F,Y
BEEPS,B,E,E,P,S
BEERS,B,E,E,R,S
BEERY,B,E,E,R,Y
BEETS,B,E,E,T,S
BEFIT,B,E,F,I,T
BEFOG,B,E,F,O,G
BEGAN,B,E,G,A,N
BEGAT,B,E,G,A,T
BEGET,B,E,G,E,T
BEGIN,B,E,G,I,N
BEGOT,B,E,G,O,T
BEGUN,B,E,G,U,N
BEIGE,B,E,I,G,E
BEING,B,E,I,N,G
BELAY,B,E,L,A,Y
BELCH,B,E,L,C,H
BELIE,B,E,L,I,E
BELLE,B,E,L,L,E
BELLI,B,E,L,L,I
BELLS,B,E,L,L,S
BELLY,B,E,L,L,Y
BELOW,B,E,L,O,W
BELTS,B,E,L,T,S
BENCH,B,E,N,C,H
BENDS,B,E,N,D,S
BENTS,B,E,N,T,S
BERET,B,E,R,E,T
BERGS,B,E,R,G,S
BERMS,B,E,R,M,S
BERRY,B,E,R,R,Y
BERTH,B,E,R,T,H
BERYL,B,E,R,Y,L
BESET,B,E,S,E,T
BESOT,B,E,S,O,T
BESTS,B,E,S,T,S
BETAS,B,E,T,A,S
BETEL,B,E,T,E,L
BETHS,B,E,T,H,S
BEVEL,B,E,V,E,L
BEZEL,B,E,Z,E,L
BHANG,B,H,A,N,G
BHOYS,B,H,O,Y,S
BIBBS,B,I,B,B,S
BIBLE,B,I,B,L,E
BIDDY,B,I,D,D,Y
BIDED,B,I,D,E,D
BIDER,B,I,D,E,R
BIDES,B,I,D,E,S
BIDET,B,I,D,E,T
BIERS,B,I,E,R,S
BIFFS,B,I,F,F,S
BIFFY,B,I,F,F,Y
BIGGY,B,I,G,G,Y
BIGHT,B,I,G,H,T
BIGLY,B,I,G,L,Y
BIGOT,B,I,G,O,T
BIKED,B,I,K,E,D
BIKER,B,I,K,E,R
BIKES,B,I,K,E,S
BILES,B,I,L,E,S
BILGE,B,I,L,G,E
BILGY,B,I,L,G,Y
BILKS,B,I,L,K,S
BILLS,B,I,L,L,S
BILLY,B,I,L,L,Y
BIMBO,B,I,M,B,O
BINDS,B,I,N,D,S
BINGE,B,I,N,G,E
BINGO,B,I,N,G,O
BIOME,B,I,O,M,E
BIPED,B,I,P,E,D
BIPOD,B,I,P,O,D
BIRCH,B,I,R,C,H
BIRDS,B,I,R,D,S
BIRTH,B,I,R,T,H
BISON,B,I,S,O,N
BITCH,B,I,T,C,H
BITER,B,I,T,E,R
BITES,B,I,T,E,S
BITSY,B,I,T,S,Y
BITTY,B,I,T,T,Y
BLABS,B,L,A,B,S
BLACK,B,L,A,C,K
BLADE,B,L,A,D,E
BLAHS,B,L,A,H,S
BLAME,B,L,A,M,E
BLAND,B,L,A,N,D
BLANK,B,L,A,N,K
BLARE,B,L,A,R,E
BLASH,B,L,A,S,H
BLAST,B,L,A,S,T
BLATS,B,L,A,T,S
BLAZE,B,L,A,Z,E
BLEAK,B,L,E,A,K
BLEAR,B,L,E,A,R
BLEAT,B,L,E,A,T
BLEBS,B,L,E,B,S
BLEED,B,L,E,E,D
BLEEP,B,L,E,E,P
BLEND,B,L,E,N,D
BLESS,B,L,E,S,S
BLEST,B,L,E,S,T
BLIMP,B,L,I,M,P
BLIND,B,L,I,N,D
BLINI,B,L,I,N,I
BLINK,B,L,I,N,K
BLIPS,B,L,I,P,S
BLISS,B,L,I,S,S
BLITZ,B,L,I,T,Z
BLOAT,B,L,O,A,T
BLOBS,B,L,O,B,S
BLOCK,B,L,O,C,K
BLOCS,B,L,O,C,S
BLOKE,B,L,O,K,E
BLOND,B,L,O,N,D
BLOOD,B,L,O,O,D
BLOOM,B,L,O,O,M
BLOTS,B,L,O,T,S
BLOWN,B,L,O,W,N
BLOWS,B,L,O,W,S
BLOWY,B,L,O,W,Y
BLUED,B,L,U,E,D
BLUER,B,L,U,E,R
BLUES,B,L,U,E,S
BLUFF,B,L,U,F,F
BLUNT,B,L,U,N,T
BLURB,B,L,U,R,B
BLURS,B,L,U,R,S
BLURT,B,L,U,R,T
BLUSH,B,L,U,S,H
BOARD,B,O,A,R,D
BOARS,B,O,A,R,S
BOAST,B,O,A,S,T
BOATS,B,O,A,T,S
BOBBY,B,O,B,B,Y
BOCCE,B,O,C,C,E
BOCCI,B,O,C,C,I
BOCKS,B,O,C,K,S
BODED,B,O,D,E,D
BODES,B,O,D,E,S
BODGE,B,O,D,G,E
BOFFO,B,O,F,F,O
BOFFS,B,O,F,F,S
BOGEY,B,O,G,E,Y
BOGGY,B,O,G,G,Y
BOGIE,B,O,G,I,E
BOGUS,B,O,G,U,S
BOILS,B,O,I,L,S
BOLAS,B,O,L,A,S
BOLLS,B,O,L,L,S
BOLOS,B,O,L,O,S
BOLTS,B,O,L,T,S
BOMBE,B,O,M,B,E
BOMBS,B,O,M,B,S
BONDS,B,O,N,D,S
BONED,B,O,N,E,D
BONER,B,O,N,E,R
BONES,B,O,N,E,S
BONGO,B,O,N,G,O
BONGS,B,O,N,G,S
BONKS,B,O,N,K,S
BONNE,B,O,N,N,E
BONNY,B,O,N,N,Y
BONUS,B,O,N,U,S
BOOBS,B,O,O,B,S
BOOBY,B,O,O,B,Y
BOOED,B,O,O,E,D
BOOKS,B,O,O,K,S
BOOKY,B,O,O,K,Y
BOOMS,B,O,O,M,S
BOOMY,B,O,O,M,Y
BOONS,B,O,O,N,S
BOORS,B,O,O,R,S
BOOST,B,O,O,S,T
BOOTH,B,O,O,T,H
BOOTS,B,O,O,T,S
BOOTY,B,O,O,T,Y
BOOZE,B,O,O,Z,E
BOOZY,B,O,O,Z,Y
BORAX,B,O,R,A,X
BORED,B,O,R,E,D
BORER,B,O,R,E,R
BORES,B,O,R,E,S
BORIC,B,O,R,I,C
BORNE,B,O,R,N,E
BORON,B,O,R,O,N
BOSKY,B,O,S,K,Y
BOSOM,B,O,S,O,M
BOSON,B,O,S,O,N
BOSSA,B,O,S,S,A
BOSSY,B,O,S,S,Y
BOSUN,B,O,S,U,N
BOTCH,B,O,T,C,H
BOUGH,B,O,U,G,H
BOULE,B,O,U,L,E
BOUND,B,O,U,N,D
BOUTS,B,O,U,T,S
BOWED,B,O,W,E,D
BOWEL,B,O,W,E,L
BOWER,B,O,W,E,R
BOWIE,B,O,W,I,E
BOWLS,B,O,W,L,S
BOXED,B,O,X,E,D
BOXER,B,O,X,E,R
BOXES,B,O,X,E,S
BOZOS,B,O,Z,O,S
BRACE,B,R,A,C,E
BRACK,B,R,A,C,K
BRACT,B,R,A,C,T
BRADS,B,R,A,D,S
BRAES,B,R,A,E,S
BRAGS,B,R,A,G,S
BRAID,B,R,A,I,D
BRAIN,B,R,A,I,N
BRAKE,B,R,A,K,E
BRAND,B,R,A,N,D
BRANS,B,R,A,N,S
BRANT,B,R,A,N,T
BRASH,B,R,A,S,H
BRASS,B,R,A,S,S
BRATS,B,R,A,T,S
BRAVA,B,R,A,V,A
BRAVE,B,R,A,V,E
BRAVO,B,R,A,V,O
BRAWL,B,R,A,W,L
BRAWN,B,R,A,W,N
BRAYS,B,R,A,Y,S
BRAZE,B,R,A,Z,E
BREAD,B,R,E,A,D
BREAK,B,R,E,A,K
BREAM,B,R,E,A,M
BREED,B,R,E,E,D
BRENT,B,R,E,N,T
BREVE,B,R,E,V,E
BREWS,B,R,E,W,S
BRIAR,B,R,I,A,R
BRIBE,B,R,I,B,E
BRICK,B,R,I,C,K
BRIDE,B,R,I,D,E
BRIEF,B,R,I,E,F
BRIER,B,R,I,E,R
BRIES,B,R,I,E,S
BRIGS,B,R,I,G,S
BRIMS,B,R,I,M,S
BRINE,B,R,I,N,E
BRING,B,R,I,N,G
BRINK,B,R,I,N,K
BRINY,B,R,I,N,Y
BRISK,B,R,I,S,K
BROAD,B,R,O,A,D
BROIL,B,R,O,I,L
BROKE,B,R,O,K,E
BROMO,B,R,O,M,O
BRONC,B,R,O,N,C
BRONX,B,R,O,N,X
BROOD,B,R,O,O,D
BROOK,B,R,O,O,K
BROOM,B,R,O,O,M
BROTH,B,R,O,T,H
BROWN,B,R,O,W,N
BROWS,B,R,O,W,S
BRUIN,B,R,U,I,N
BRUIT,B,R,U,I,T
BRUNG,B,R,U,N,G
BRUNT,B,R,U,N,T
BRUSH,B,R,U,S,H
BRUSK,B,R,U,S,K
BRUTE,B,R,U,T,E
BUBBA,B,U,B,B,A
BUCKS,B,U,C,K,S
BUDDY,B,U,D,D,Y
BUDGE,B,U,D,G,E
BUENA,B,U,E,N,A
BUENO,B,U,E,N,O
BUFFA,B,U,F,F,A
BUFFO,B,U,F,F,O
BUFFS,B,U,F,F,S
BUGGY,B,U,G,G,Y
BUGLE,B,U,G,L,E
BUILD,B,U,I,L,D
BUILT,B,U,I,L,T
BULBS,B,U,L,B,S
BULGE,B,U,L,G,E
BULGY,B,U,L,G,Y
BULKS,B,U,L,K,S
BULKY,B,U,L,K,Y
BULLS,B,U,L,L,S
BULLY,B,U,L,L,Y
BUMPH,B,U,M,P,H
BUMPS,B,U,M,P,S
BUMPY,B,U,M,P,Y
BUNCH,B,U,N,C,H
BUNCO,B,U,N,C,O
BUNDS,B,U,N,D,S
BUNGS,B,U,N,G,S
BUNKO,B,U,N,K,O
BUNKS,B,U,N,K,S
BUNNY,B,U,N,N,Y
BUNTS,B,U,N,T,S
BUOYS,B,U,O,Y,S
BURET,B,U,R,E,T
BURGS,B,U,R,G,S
BURLS,B,U,R,L,S
BURLY,B,U,R,L,Y
BURNS,B,U,R,N,S
BURNT,B,U,R,N,T
BURPS,B,U,R,P,S
BURRO,B,U,R,R,O
BURRS,B,U,R,R,S
BURRY,B,U,R,R,Y
BURST,B,U,R,S,T
BUSBY,B,U,S,B,Y
BUSED,B,U,S,E,D
BUSES,B,U,S,E,S
BUSHY,B,U,S,H,Y
BUSKS,B,U,S,K,S
BUSTS,B,U,S,T,S
BUSTY,B,U,S,T,Y
BUTCH,B,U,T,C,H
BUTTE,B,U,T,T,E
BUTTS,B,U,T,T,S
BUTYL,B,U,T,Y,L
BUXOM,B,U,X,O,M
BUYER,B,U,Y,E,R
BUZZY,B,U,Z,Z,Y
BWANA,B,W,A,N,A
BYLAW,B,Y,L,A,W
BYRES,B,Y,R,E,S
BYTES,B,Y,T,E,S
BYWAY,B,Y,W,A,Y
CABAL,C,A,B,A,L
CABBY,C,A,B,B,Y
CABIN,C,A,B,I,N
CABLE,C,A,B,L,E
CACAO,C,A,C,A,O
CACHE,C,A,C,H,E
CACTI,C,A,C,T,I
CADDY,C,A,D,D,Y
CADET,C,A,D,E,T
CADGE,C,A,D,G,E
CADRE,C,A,D,R,E
CAFES,C,A,F,E,S
CAGED,C,A,G,E,D
CAGER,C,A,G,E,R
CAGES,C,A,G,E,S
CAGEY,C,A,G,E,Y
CAIRN,C,A,I,R,N
CAKED,C,A,K,E,D
CAKES,C,A,K,E,S
CALIX,C,A,L,I,X
CALKS,C,A,L,K,S
CALLA,C,A,L,L,A
CALLS,C,A,L,L,S
CALMS,C,A,L,M,S
CALVE,C,A,L,V,E
CALYX,C,A,L,Y,X
CAMEL,C,A,M,E,L
CAMEO,C,A,M,E,O
CAMPO,C,A,M,P,O
CAMPS,C,A,M,P,S
CAMPY,C,A,M,P,Y
CANAL,C,A,N,A,L
CANDY,C,A,N,D,Y
CANED,C,A,N,E,D
CANER,C,A,N,E,R
CANES,C,A,N,E,S
CANNA,C,A,N,N,A
CANNY,C,A,N,N,Y
CANOE,C,A,N,O,E
CANON,C,A,N,O,N
CANST,C,A,N,S,T
CANTO,C,A,N,T,O
CANTS,C,A,N,T,S
CAPED,C,A,P,E,D
CAPER,C,A,P,E,R
CAPES,C,A,P,E,S
CAPON,C,A,P,O,N
CAPOS,C,A,P,O,S
CARAT,C,A,R,A,T
CARDS,C,A,R,D,S
CARED,C,A,R,E,D
CARER,C,A,R,E,R
CARES,C,A,R,E,S
CARET,C,A,R,E,T
CARGO,C,A,R,G,O
CARNE,C,A,R,N,E
CARNY,C,A,R,N,Y
CAROB,C,A,R,O,B
CAROL,C,A,R,O,L
CAROM,C,A,R,O,M
CARON,C,A,R,O,N
CARPS,C,A,R,P,S
CARPY,C,A,R,P,Y
CARRY,C,A,R,R,Y
CARTE,C,A,R,T,E
CARTS,C,A,R,T,S
CARVE,C,A,R,V,E
CASAS,C,A,S,A,S
CASED,C,A,S,E,D
CASES,C,A,S,E,S
CASKS,C,A,S,K,S
CASTE,C,A,S,T,E
CASTS,C,A,S,T,S
CASUS,C,A,S,U,S
CATCH,C,A,T,C,H
CATER,C,A,T,E,R
CATTY,C,A,T,T,Y
CAULK,C,A,U,L,K
CAULS,C,A,U,L,S
CAUSE,C,A,U,S,E
CAVED,C,A,V,E,D
CAVES,C,A,V,E,S
CAVIL,C,A,V,I,L
CAWED,C,A,W,E,D
CEASE,C,E,A,S,E
CEDAR,C,E,D,A,R
CEDED,C,E,D,E,D
CEDER,C,E,D,E,R
CEDES,C,E,D,E,S
CEILS,C,E,I,L,S
CELEB,C,E,L,E,B
CELLO,C,E,L,L,O
CELLS,C,E,L,L,S
CENTO,C,E,N,T,O
CENTS,C,E,N,T,S
CHAFE,C,H,A,F,E
CHAFF,C,H,A,F,F
CHAIN,C,H,A,I,N
CHAIR,C,H,A,I,R
CHALK,C,H,A,L,K
CHAMP,C,H,A,M,P
CHANT,C,H,A,N,T
CHAOS,C,H,A,O,S
CHAPS,C,H,A,P,S
CHARD,C,H,A,R,D
CHARM,C,H,A,R,M
CHARS,C,H,A,R,S
CHART,C,H,A,R,T
CHARY,C,H,A,R,Y
CHASE,C,H,A,S,E
CHASM,C,H,A,S,M
CHATS,C,H,A,T,S
CHAWS,C,H,A,W,S
CHEAP,C,H,E,A,P
CHEAT,C,H,E,A,T
CHECK,C,H,E,C,K
CHEEK,C,H,E,E,K
CHEEP,C,H,E,E,P
CHEER,C,H,E,E,R
CHEFS,C,H,E,F,S
CHERT,C,H,E,R,T
CHESS,C,H,E,S,S
CHEST,C,H,E,S,T
CHEWS,C,H,E,W,S
CHEWY,C,H,E,W,Y
CHICK,C,H,I,C,K
CHIDE,C,H,I,D,E
CHIEF,C,H,I,E,F
CHIFF,C,H,I,F,F
CHILD,C,H,I,L,D
CHILE,C,H,I,L,E
CHILI,C,H,I,L,I
CHILL,C,H,I,L,L
CHIME,C,H,I,M,E
CHIMP,C,H,I,M,P
CHINA,C,H,I,N,A
CHINE,C,H,I,N,E
CHINK,C,H,I,N,K
CHINO,C,H,I,N,O
CHINS,C,H,I,N,S
CHIPS,C,H,I,P,S
CHIRP,C,H,I,R,P
CHITS,C,H,I,T,S
CHIVE,C,H,I,V,E
CHOCK,C,H,O,C,K
CHOIR,C,H,O,I,R
CHOKE,C,H,O,K,E
CHOMP,C,H,O,M,P
CHOOS,C,H,O,O,S
CHOPS,C,H,O,P,S
CHORD,C,H,O,R,D
CHORE,C,H,O,R,E
CHOSE,C,H,O,S,E
CHOWS,C,H,O,W,S
CHUCK,C,H,U,C,K
CHUFF,C,H,U,F,F
CHUGS,C,H,U,G,S
CHUMP,C,H,U,M,P
CHUMS,C,H,U,M,S
CHUNK,C,H,U,N,K
CHURL,C,H,U,R,L
CHURN,C,H,U,R,N
CHUTE,C,H,U,T,E
CIDER,C,I,D,E,R
CIGAR,C,I,G,A,R
CILIA,C,I,L,I,A
CILLS,C,I,L,L,S
CINCH,C,I,N,C,H
CIRCA,C,I,R,C,A
CIRRI,C,I,R,R,I
CITED,C,I,T,E,D
CITES,C,I,T,E,S
CIVET,C,I,V,E,T
CIVIC,C,I,V,I,C
CIVIL,C,I,V,I,L
CIVVY,C,I,V,V,Y
CLACK,C,L,A,C,K
CLADS,C,L,A,D,S
CLAIM,C,L,A,I,M
CLAMP,C,L,A,M,P
CLAMS,C,L,A,M,S
CLANG,C,L,A,N,G
CLANK,C,L,A,N,K
CLANS,C,L,A,N,S
CLAPS,C,L,A,P,S
CLASH,C,L,A,S,H
CLASP,C,L,A,S,P
CLASS,C,L,A,S,S
CLAVE,C,L,A,V,E
CLAWS,C,L,A,W,S
CLAYS,C,L,A,Y,S
CLEAN,C,L,E,A,N
CLEAR,C,L,E,A,R
CLEAT,C,L,E,A,T
CLEFS,C,L,E,F,S
CLEFT,C,L,E,F,T
CLERK,C,L,E,R,K
CLEWS,C,L,E,W,S
CLICK,C,L,I,C,K
CLIFF,C,L,I,F,F
CLIMB,C,L,I,M,B
CLIME,C,L,I,M,E
CLING,C,L,I,N,G
CLINK,C,L,I,N,K
CLIPS,C,L,I,P,S
CLOAK,C,L,O,A,K
CLOCK,C,L,O,C,K
CLODS,C,L,O,D,S
CLOGS,C,L,O,G,S
CLOMP,C,L,O,M,P
CLONE,C,L,O,N,E
CLOPS,C,L,O,P,S
CLOSE,C,L,O,S,E
CLOTH,C,L,O,T,H
CLOTS,C,L,O,T,S
CLOUD,C,L,O,U,D
CLOUT,C,L,O,U,T
CLOVE,C,L,O,V,E
CLOWN,C,L,O,W,N
CLOYS,C,L,O,Y,S
CLUBS,C,L,U,B,S
CLUCK,C,L,U,C,K
CLUED,C,L,U,E,D
CLUES,C,L,U,E,S
CLUMP,C,L,U,M,P
CLUNG,C,L,U,N,G
CLUNK,C,L,U,N,K
COACH,C,O,A,C,H
COALS,C,O,A,L,S
COAST,C,O,A,S,T
COATI,C,O,A,T,I
COATS,C,O,A,T,S
COBRA,C,O,B,R,A
COCAS,C,O,C,A,S
COCCI,C,O,C,C,I
COCKS,C,O,C,K,S
COCKY,C,O,C,K,Y
COCOA,C,O,C,O,A
COCOS,C,O,C,O,S
CODAS,C,O,D,A,S
CODED,C,O,D,E,D
CODER,C,O,D,E,R
CODES,C,O,D,E,S
CODEX,C,O,D,E,X
CODON,C,O,D,O,N
COEDS,C,O,E,D,S
COHOS,C,O,H,O,S
COIFS,C,O,I,F,S
COILS,C,O,I,L,S
COINS,C,O,I,N,S
COKED,C,O,K,E,D
COKES,C,O,K,E,S
COLAS,C,O,L,A,S
COLDS,C,O,L,D,S
COLIC,C,O,L,I,C
COLON,C,O,L,O,N
COLOR,C,O,L,O,R
COLTS,C,O,L,T,S
COMAS,C,O,M,A,S
COMBO,C,O,M,B,O
COMBS,C,O,M,B,S
COMER,C,O,M,E,R
COMES,C,O,M,E,S
COMET,C,O,M,E,T
COMFY,C,O,M,F,Y
COMIC,C,O,M,I,C
COMMA,C,O,M,M,A
COMPS,C,O,M,P,S
CONCH,C,O,N,C,H
CONDO,C,O,N,D,O
CONED,C,O,N,E,D
CONES,C,O,N,E,S
CONEY,C,O,N,E,Y
CONGA,C,O,N,G,A
CONIC,C,O,N,I,C
CONKS,C,O,N,K,S
COOCH,C,O,O,C,H
COOED,C,O,O,E,D
COOKS,C,O,O,K,S
COOKY,C,O,O,K,Y
COOLS,C,O,O,L,S
COONS,C,O,O,N,S
COOPS,C,O,O,P,S
COOTS,C,O,O,T,S
COPED,C,O,P,E,D
COPER,C,O,P,E,R
COPES,C,O,P,E,S
COPRA,C,O,P,R,A
COPSE,C,O,P,S,E
COQUI,C,O,Q,U,I
CORAL,C,O,R,A,L
CORDS,C,O,R,D,S
CORDY,C,O,R,D,Y
CORED,C,O,R,E,D
CORER,C,O,R,E,R
CORES,C,O,R,E,S
CORGI,C,O,R,G,I
CORKS,C,O,R,K,S
CORKY,C,O,R,K,Y
CORMS,C,O,R,M,S
CORNS,C,O,R,N,S
CORNU,C,O,R,N,U
CORNY,C,O,R,N,Y
CORPS,C,O,R,P,S
COSET,C,O,S,E,T
COSTA,C,O,S,T,A
COSTS,C,O,S,T,S
COTES,C,O,T,E,S
COTTA,C,O,T,T,A
COUCH,C,O,U,C,H
COUGH,C,O,U,G,H
COULD,C,O,U,L,D
COUNT,C,O,U,N,T
COUPE,C,O,U,P,E
COUPS,C,O,U,P,S
COURT,C,O,U,R,T
COUTH,C,O,U,T,H
COVEN,C,O,V,E,N
COVER,C,O,V,E,R
COVES,C,O,V,E,S
COVET,C,O,V,E,T
COVEY,C,O,V,E,Y
COWED,C,O,W,E,D
COWER,C,O,W,E,R
COWLS,C,O,W,L,S
COWRY,C,O,W,R,Y
COXED,C,O,X,E,D
COXES,C,O,X,E,S
COYER,C,O,Y,E,R
COYLY,C,O,Y,L,Y
COYPU,C,O,Y,P,U
COZEN,C,O,Z,E,N
CRABS,C,R,A,B,S
CRACK,C,R,A,C,K
CRAFT,C,R,A,F,T
CRAGS,C,R,A,G,S
CRAMP,C,R,A,M,P
CRAMS,C,R,A,M,S
CRANE,C,R,A,N,E
CRANK,C,R,A,N,K
CRAPS,C,R,A,P,S
CRASH,C,R,A,S,H
CRASS,C,R,A,S,S
CRATE,C,R,A,T,E
CRAVE,C,R,A,V,E
CRAWL,C,R,A,W,L
CRAWS,C,R,A,W,S
CRAZE,C,R,A,Z,E
CRAZY,C,R,A,Z,Y
CREAK,C,R,E,A,K
CREAM,C,R,E,A,M
CREDO,C,R,E,D,O
CREED,C,R,E,E,D
CREEK,C,R,E,E,K
CREEL,C,R,E,E,L
CREEP,C,R,E,E,P
CREME,C,R,E,M,E
CREPE,C,R,E,P,E
CREPT,C,R,E,P,T
CRESS,C,R,E,S,S
CREST,C,R,E,S,T
CREWS,C,R,E,W,S
CRIBS,C,R,I,B,S
CRICK,C,R,I,C,K
CRIED,C,R,I,E,D
CRIER,C,R,I,E,R
CRIES,C,R,I,E,S
CRIME,C,R,I,M,E
CRIMP,C,R,I,M,P
CRINK,C,R,I,N,K
CRISP,C,R,I,S,P
CRITS,C,R,I,T,S
CROAK,C,R,O,A,K
CROCK,C,R,O,C,K
CROCS,C,R,O,C,S
CROFT,C,R,O,F,T
CRONE,C,R,O,N,E
CRONY,C,R,O,N,Y
CROOK,C,R,O,O,K
CROON,C,R,O,O,N
CROPS,C,R,O,P,S
CROSS,C,R,O,S,S
CROUP,C,R,O,U,P
CROWD,C,R,O,W,D
CROWN,C,R,O,W,N
CROWS,C,R,O,W,S
CRUDE,C,R,U,D,E
CRUDS,C,R,U,D,S
CRUEL,C,R,U,E,L
CRUET,C,R,U,E,T
CRUFT,C,R,U,F,T
CRUMB,C,R,U,M,B
CRUMP,C,R,U,M,P
CRUSE,C,R,U,S,E
CRUSH,C,R,U,S,H
CRUST,C,R,U,S,T
CRYPT,C,R,Y,P,T
CUBBY,C,U,B,B,Y
CUBED,C,U,B,E,D
CUBER,C,U,B,E,R
CUBES,C,U,B,E,S
CUBIC,C,U,B,I,C
CUBIT,C,U,B,I,T
CUFFS,C,U,F,F,S
CUING,C,U,I,N,G
CUKES,C,U,K,E,S
CULLS,C,U,L,L,S
CULPA,C,U,L,P,A
CULTS,C,U,L,T,S
CUMIN,C,U,M,I,N
CUNTS,C,U,N,T,S
CUPID,C,U,P,I,D
CUPPA,C,U,P,P,A
CUPPY,C,U,P,P,Y
CURBS,C,U,R,B,S
CURDS,C,U,R,D,S
CURDY,C,U,R,D,Y
CURED,C,U,R,E,D
CURER,C,U,R,E,R
CURES,C,U,R,E,S
CURIA,C,U,R,I,A
CURIE,C,U,R,I,E
CURIO,C,U,R,I,O
CURLS,C,U,R,L,S
CURLY,C,U,R,L,Y
CURRY,C,U,R,R,Y
CURSE,C,U,R,S,E
CURVE,C,U,R,V,E
CURVY,C,U,R,V,Y
CUSHY,C,U,S,H,Y
CUSPS,C,U,S,P,S
CUSPY,C,U,S,P,Y
CUTER,C,U,T,E,R
CUTIE,C,U,T,I,E
CUTUP,C,U,T,U,P
CYCAD,C,Y,C,A,D
CYCLE,C,Y,C,L,E
CYNIC,C,Y,N,I,C
CYSTS,C,Y,S,T,S
CZARS,C,Z,A,R,S
DACHA,D,A,C,H,A
DADDY,D,A,D,D,Y
DADOS,D,A,D,O,S
DAFFY,D,A,F,F,Y
DAILY,D,A,I,L,Y
DAIRY,D,A,I,R,Y
DAISY,D,A,I,S,Y
DALES,D,A,L,E,S
DALLY,D,A,L,L,Y
DAMES,D,A,M,E,S
DAMNS,D,A,M,N,S
DAMPS,D,A,M,P,S
DANCE,D,A,N,C,E
DANDY,D,A,N,D,Y
DARED,D,A,R,E,D
DARER,D,A,R,E,R
DARES,D,A,R,E,S
DARKS,D,A,R,K,S
DARKY,D,A,R,K,Y
DARNS,D,A,R,N,S
DARTS,D,A,R,T,S
DASHY,D,A,S,H,Y
DATED,D,A,T,E,D
DATER,D,A,T,E,R
DATES,D,A,T,E,S
DATUM,D,A,T,U,M
DAUBS,D,A,U,B,S
DAUNT,D,A,U,N,T
DAVIT,D,A,V,I,T
DAWNS,D,A,W,N,S
DAZED,D,A,Z,E,D
DAZES,D,A,Z,E,S
DEADS,D,E,A,D,S
DEALS,D,E,A,L,S
DEALT,D,E,A,L,T
DEANS,D,E,A,N,S
DEARS,D,E,A,R,S
DEARY,D,E,A,R,Y
DEATH,D,E,A,T,H
DEBAR,D,E,B,A,R
DEBIT,D,E,B,I,T
DEBTS,D,E,B,T,S
DEBUG,D,E,B,U,G
DEBUT,D,E,B,U,T
DECAF,D,E,C,A,F
DECAL,D,E,C,A,L
DECAY,D,E,C,A,Y
DECKS,D,E,C,K,S
DECOR,D,E,C,O,R
DECOY,D,E,C,O,Y
DECRY,D,E,C,R,Y
DEEDS,D,E,E,D,S
DEEMS,D,E,E,M,S
DEEPS,D,E,E,P,S
DEFER,D,E,F,E,R
DEFOG,D,E,F,O,G
DEFUN,D,E,F,U,N
DEGAS,D,E,G,A,S
DEGUM,D,E,G,U,M
DEICE,D,E,I,C,E
DEIFY,D,E,I,F,Y
DEIGN,D,E,I,G,N
DEISM,D,E,I,S,M
DEIST,D,E,I,S,T
DEITY,D,E,I,T,Y
DELAY,D,E,L,A,Y
DELFT,D,E,L,F,T
DELIS,D,E,L,I,S
DELLS,D,E,L,L,S
DELTA,D,E,L,T,A
DELVE,D,E,L,V,E
DEMIT,D,E,M,I,T
DEMON,D,E,M,O,N
DEMOS,D,E,M,O,S
DEMUR,D,E,M,U,R
DENIM,D,E,N,I,M
DENSE,D,E,N,S,E
DENTS,D,E,N,T,S
DEPOT,D,E,P,O,T
DEPTH,D,E,P,T,H
DEQUE,D,E,Q,U,E
DERBY,D,E,R,B,Y
DESEX,D,E,S,E,X
DESKS,D,E,S,K,S
DETER,D,E,T,E,R
DEUCE,D,E,U,C,E
DEVIL,D,E,V,I,L
DEWED,D,E,W,E,D
DEWEY,D,E,W,E,Y
DHOWS,D,H,O,W,S
DIALS,D,I,A,L,S
DIARY,D,I,A,R,Y
DIAZO,D,I,A,Z,O
DICED,D,I,C,E,D
DICER,D,I,C,E,R
DICES,D,I,C,E,S
DICEY,D,I,C,E,Y
DICKS,D,I,C,K,S
DICKY,D,I,C,K,Y
DICOT,D,I,C,O,T
DICTA,D,I,C,T,A
DICTU,D,I,C,T,U
DICUT,D,I,C,U,T
DIDDY,D,I,D,D,Y
DIDOS,D,I,D,O,S
DIDOT,D,I,D,O,T
DIDST,D,I,D,S,T
DIEMS,D,I,E,M,S
DIEST,D,I,E,S,T
DIETH,D,I,E,T,H
DIETS,D,I,E,T,S
DIGIT,D,I,G,I,T
DIKED,D,I,K,E,D
DIKES,D,I,K,E,S
DILDO,D,I,L,D,O
DILLS,D,I,L,L,S
DILLY,D,I,L,L,Y
DIMER,D,I,M,E,R
DIMES,D,I,M,E,S
DIMLY,D,I,M,L,Y
DINAR,D,I,N,A,R
DINED,D,I,N,E,D
DINER,D,I,N,E,R
DINES,D,I,N,E,S
DINGO,D,I,N,G,O
DINGS,D,I,N,G,S
DINGY,D,I,N,G,Y
DINKS,D,I,N,K,S
DINKY,D,I,N,K,Y
DINTS,D,I,N,T,S
DIODE,D,I,O,D,E
DIPPY,D,I,P,P,Y
DIPSO,D,I,P,S,O
DIRER,D,I,R,E,R
DIRGE,D,I,R,G,E
DIRKS,D,I,R,K,S
DIRTS,D,I,R,T,S
DIRTY,D,I,R,T,Y
DISCO,D,I,S,C,O
DISCS,D,I,S,C,S
DISHY,D,I,S,H,Y
DISKS,D,I,S,K,S
DITCH,D,I,T,C,H
DITTO,D,I,T,T,O
DITTY,D,I,T,T,Y
DIVAN,D,I,V,A,N
DIVAS,D,I,V,A,S
DIVED,D,I,V,E,D
DIVER,D,I,V,E,R
DIVES,D,I,V,E,S
DIVOT,D,I,V,O,T
DIVVY,D,I,V,V,Y
DIXIT,D,I,X,I,T
DIZZY,D,I,Z,Z,Y
DJINN,D,J,I,N,N
DOCKS,D,O,C,K,S
DODGE,D,O,D,G,E
DODGY,D,O,D,G,Y
DODOS,D,O,D,O,S
DOERS,D,O,E,R,S
DOEST,D,O,E,S,T
DOETH,D,O,E,T,H
DOFFS,D,O,F,F,S
DOGES,D,O,G,E,S
DOGGO,D,O,G,G,O
DOGGY,D,O,G,G,Y
DOGIE,D,O,G,I,E
DOGMA,D,O,G,M,A
DOILY,D,O,I,L,Y
DOING,D,O,I,N,G
DOLCE,D,O,L,C,E
DOLED,D,O,L,E,D
DOLES,D,O,L,E,S
DOLLS,D,O,L,L,S
DOLLY,D,O,L,L,Y
DOLOR,D,O,L,O,R
DOLTS,D,O,L,T,S
DOMED,D,O,M,E,D
DOMES,D,O,M,E,S
DONEE,D,O,N,E,E
DONNA,D,O,N,N,A
DONOR,D,O,N,O,R
DONUT,D,O,N,U,T
DOOMS,D,O,O,M,S
DOORS,D,O,O,R,S
DOOZY,D,O,O,Z,Y
DOPED,D,O,P,E,D
DOPER,D,O,P,E,R
DOPES,D,O,P,E,S
DOPEY,D,O,P,E,Y
DORKS,D,O,R,K,S
DORKY,D,O,R,K,Y
DORMS,D,O,R,M,S
DOSED,D,O,S,E,D
DOSER,D,O,S,E,R
DOSES,D,O,S,E,S
DOTED,D,O,T,E,D
DOTER,D,O,T,E,R
DOTES,D,O,T,E,S
DOTTY,D,O,T,T,Y
DOUBT,D,O,U,B,T
DOUGH,D,O,U,G,H
DOUSE,D,O,U,S,E
DOVES,D,O,V,E,S
DOVEY,D,O,V,E,Y
DOWDY,D,O,W,D,Y
DOWEL,D,O,W,E,L
DOWER,D,O,W,E,R
DOWNS,D,O,W,N,S
DOWNY,D,O,W,N,Y
DOWRY,D,O,W,R,Y
DOWSE,D,O,W,S,E
DOXIE,D,O,X,I,E
DOYEN,D,O,Y,E,N
DOZED,D,O,Z,E,D
DOZEN,D,O,Z,E,N
DOZER,D,O,Z,E,R
DOZES,D,O,Z,E,S
DRABS,D,R,A,B,S
DRAFT,D,R,A,F,T
DRAGS,D,R,A,G,S
DRAIN,D,R,A,I,N
DRAKE,D,R,A,K,E
DRAMA,D,R,A,M,A
DRAMS,D,R,A,M,S
DRANK,D,R,A,N,K
DRAPE,D,R,A,P,E
DRAWL,D,R,A,W,L
DRAWN,D,R,A,W,N
DRAWS,D,R,A,W,S
DRAYS,D,R,A,Y,S
DREAD,D,R,E,A,D
DREAM,D,R,E,A,M
DREAR,D,R,E,A,R
DRECK,D,R,E,C,K
DREGS,D,R,E,G,S
DRESS,D,R,E,S,S
DRIBS,D,R,I,B,S
DRIED,D,R,I,E,D
DRIER,D,R,I,E,R
DRIES,D,R,I,E,S
DRIFT,D,R,I,F,T
DRILL,D,R,I,L,L
DRILY,D,R,I,L,Y
DRINK,D,R,I,N,K
DRIPS,D,R,I,P,S
DRIVE,D,R,I,V,E
DROID,D,R,O,I,D
DROLL,D,R,O,L,L
DRONE,D,R,O,N,E
DROOL,D,R,O,O,L
DROOP,D,R,O,O,P
DROPS,D,R,O,P,S
DROSS,D,R,O,S,S
DROVE,D,R,O,V,E
DROWN,D,R,O,W,N
DRUBS,D,R,U,B,S
DRUGS,D,R,U,G,S
DRUID,D,R,U,I,D
DRUMS,D,R,U,M,S
DRUNK,D,R,U,N,K
DRYAD,D,R,Y,A,D
DRYER,D,R,Y,E,R
DRYLY,D,R,Y,L,Y
DUALS,D,U,A,L,S
DUCAL,D,U,C,A,L
DUCAT,D,U,C,A,T
DUCES,D,U,C,E,S
DUCHY,D,U,C,H,Y
DUCKS,D,U,C,K,S
DUCKY,D,U,C,K,Y
DUCTS,D,U,C,T,S
DUDDY,D,U,D,D,Y
DUDES,D,U,D,E,S
DUELS,D,U,E,L,S
DUETS,D,U,E,T,S
DUFFS,D,U,F,F,S
DUKES,D,U,K,E,S
DULLS,D,U,L,L,S
DULLY,D,U,L,L,Y
DULSE,D,U,L,S,E
DUMMY,D,U,M,M,Y
DUMPS,D,U,M,P,S
DUMPY,D,U,M,P,Y
DUNCE,D,U,N,C,E
DUNES,D,U,N,E,S
DUNGS,D,U,N,G,S
DUNGY,D,U,N,G,Y
DUNKS,D,U,N,K,S
DUNNO,D,U,N,N,O
DUOMO,D,U,O,M,O
DUPED,D,U,P,E,D
DUPER,D,U,P,E,R
DUPES,D,U,P,E,S
DUPLE,D,U,P,L,E
DURST,D,U,R,S,T
DUSKS,D,U,S,K,S
DUSKY,D,U,S,K,Y
DUSTS,D,U,S,T,S
DUSTY,D,U,S,T,Y
DUTCH,D,U,T,C,H
DUVET,D,U,V,E,T
DWARF,D,W,A,R,F
DWEEB,D,W,E,E,B
DWELL,D,W,E,L,L
DWELT,D,W,E,L,T
DYADS,D,Y,A,D,S
DYERS,D,Y,E,R,S
DYING,D,Y,I,N,G
DYKES,D,Y,K,E,S
DYNES,D,Y,N,E,S
EAGER,E,A,G,E,R
EAGLE,E,A,G,L,E
EARED,E,A,R,E,D
EARLS,E,A,R,L,S
EARLY,E,A,R,L,Y
EARNS,E,A,R,N,S
EARTH,E,A,R,T,H
EASED,E,A,S,E,D
EASEL,E,A,S,E,L
EASES,E,A,S,E,S
EASTS,E,A,S,T,S
EATEN,E,A,T,E,N
EATER,E,A,T,E,R
EAVES,E,A,V,E,S
EBBED,E,B,B,E,D
EBONY,E,B,O,N,Y
ECHOS,E,C,H,O,S
ECLAT,E,C,L,A,T
EDEMA,E,D,E,M,A
EDGED,E,D,G,E,D
EDGER,E,D,G,E,R
EDGES,E,D,G,E,S
EDICT,E,D,I,C,T
EDIFY,E,D,I,F,Y
EDITS,E,D,I,T,S
EDUCE,E,D,U,C,E
EERIE,E,E,R,I,E
EGADS,E,G,A,D,S
EGGED,E,G,G,E,D
EGGER,E,G,G,E,R
EGRET,E,G,R,E,T
EIDER,E,I,D,E,R
EIGHT,E,I,G,H,T
EJECT,E,J,E,C,T
EKING,E,K,I,N,G
ELAND,E,L,A,N,D
ELANS,E,L,A,N,S
ELATE,E,L,A,T,E
ELBOW,E,L,B,O,W
ELDER,E,L,D,E,R
ELECT,E,L,E,C,T
ELEGY,E,L,E,G,Y
ELFIN,E,L,F,I,N
ELIDE,E,L,I,D,E
ELITE,E,L,I,T,E
ELOPE,E,L,O,P,E
ELUDE,E,L,U,D,E
ELVES,E,L,V,E,S
EMAIL,E,M,A,I,L
EMBED,E,M,B,E,D
EMBER,E,M,B,E,R
EMCEE,E,M,C,E,E
EMEND,E,M,E,N,D
EMERY,E,M,E,R,Y
EMIRS,E,M,I,R,S
EMITS,E,M,I,T,S
EMOTE,E,M,O,T,E
EMPTY,E,M,P,T,Y
ENACT,E,N,A,C,T
ENDED,E,N,D,E,D
ENDER,E,N,D,E,R
ENDOW,E,N,D,O,W
ENDUE,E,N,D,U,E
ENEMA,E,N,E,M,A
ENEMY,E,N,E,M,Y
ENJOY,E,N,J,O,Y
ENNUI,E,N,N,U,I
ENROL,E,N,R,O,L
ENSUE,E,N,S,U,E
ENTER,E,N,T,E,R
ENTRY,E,N,T,R,Y
ENVOI,E,N,V,O,I
ENVOY,E,N,V,O,Y
EPACT,E,P,A,C,T
EPEES,E,P,E,E,S
EPHAH,E,P,H,A,H
EPHOD,E,P,H,O,D
EPICS,E,P,I,C,S
EPOCH,E,P,O,C,H
EPOXY,E,P,O,X,Y
EPSOM,E,P,S,O,M
EQUAL,E,Q,U,A,L
EQUIP,E,Q,U,I,P
ERASE,E,R,A,S,E
ERECT,E,R,E,C,T
ERODE,E,R,O,D,E
ERRED,E,R,R,E,D
ERROR,E,R,R,O,R
ERUCT,E,R,U,C,T
ERUPT,E,R,U,P,T
ESSAY,E,S,S,A,Y
ESSES,E,S,S,E,S
ESTER,E,S,T,E,R
ESTOP,E,S,T,O,P
ETEXT,E,T,E,X,T
ETHER,E,T,H,E,R
ETHIC,E,T,H,I,C
ETHOS,E,T,H,O,S
ETHYL,E,T,H,Y,L
ETUDE,E,T,U,D,E
EVADE,E,V,A,D,E
EVENS,E,V,E,N,S
EVENT,E,V,E,N,T
EVERY,E,V,E,R,Y
EVICT,E,V,I,C,T
EVILS,E,V,I,L,S
EVOKE,E,V,O,K,E
EXACT,E,X,A,C,T
EXALT,E,X,A,L,T
EXAMS,E,X,A,M,S
EXCEL,E,X,C,E,L
EXCON,E,X,C,O,N
EXEAT,E,X,E,A,T
EXECS,E,X,E,C,S
EXERT,E,X,E,R,T
EXILE,E,X,I,L,E
EXIST,E,X,I,S,T
EXITS,E,X,I,T,S
EXPAT,E,X,P,A,T
EXPEL,E,X,P,E,L
EXPOS,E,X,P,O,S
EXTOL,E,X,T,O,L
EXTRA,E,X,T,R,A
EXUDE,E,X,U,D,E
EXULT,E,X,U,L,T
EXURB,E,X,U,R,B
EYERS,E,Y,E,R,S
EYING,E,Y,I,N,G
EYRIE,E,Y,R,I,E
FABLE,F,A,B,L,E
FACED,F,A,C,E,D
FACER,F,A,C,E,R
FACES,F,A,C,E,S
FACET,F,A,C,E,T
FACIE,F,A,C,I,E
FACTO,F,A,C,T,O
FACTS,F,A,C,T,S
FADDY,F,A,D,D,Y
FADED,F,A,D,E,D
FADER,F,A,D,E,R
FADES,F,A,D,E,S
FAERY,F,A,E,R,Y
FAGOT,F,A,G,O,T
FAILS,F,A,I,L,S
FAINT,F,A,I,N,T
FAIRE,F,A,I,R,E
FAIRS,F,A,I,R,S
FAIRY,F,A,I,R,Y
FAITH,F,A,I,T,H
FAKED,F,A,K,E,D
FAKER,F,A,K,E,R
FAKES,F,A,K,E,S
FAKIR,F,A,K,I,R
FALLS,F,A,L,L,S
FALSE,F,A,L,S,E
FAMED,F,A,M,E,D
FAMES,F,A,M,E,S
FANCY,F,A,N,C,Y
FANGS,F,A,N,G,S
FANIN,F,A,N,I,N
FANNY,F,A,N,N,Y
FARAD,F,A,R,A,D
FARCE,F,A,R,C,E
FARED,F,A,R,E,D
FARES,F,A,R,E,S
FARMS,F,A,R,M,S
FARTS,F,A,R,T,S
FASTS,F,A,S,T,S
FATAL,F,A,T,A,L
FATED,F,A,T,E,D
FATES,F,A,T,E,S
FATLY,F,A,T,L,Y
FATSO,F,A,T,S,O
FATTY,F,A,T,T,Y
FATWA,F,A,T,W,A
FAULT,F,A,U,L,T
FAUNA,F,A,U,N,A
FAUNS,F,A,U,N,S
FAVOR,F,A,V,O,R
FAWNS,F,A,W,N,S
FAWNY,F,A,W,N,Y
FAXED,F,A,X,E,D
FAXER,F,A,X,E,R
FAXES,F,A,X,E,S
FAZED,F,A,Z,E,D
FAZES,F,A,Z,E,S
FEARS,F,E,A,R,S
FEAST,F,E,A,S,T
FEATS,F,E,A,T,S
FECAL,F,E,C,A,L
FECES,F,E,C,E,S
FEEDS,F,E,E,D,S
FEELS,F,E,E,L,S
FEIGN,F,E,I,G,N
FEINT,F,E,I,N,T
FEIST,F,E,I,S,T
FELLA,F,E,L,L,A
FELLS,F,E,L,L,S
FELON,F,E,L,O,N
FELTS,F,E,L,T,S
FEMME,F,E,M,M,E
FEMUR,F,E,M,U,R
FENCE,F,E,N,C,E
FENDS,F,E,N,D,S
FENNY,F,E,N,N,Y
FERAL,F,E,R,A,L
FERMI,F,E,R,M,I
FERNS,F,E,R,N,S
FERNY,F,E,R,N,Y
FERRY,F,E,R,R,Y
FETAL,F,E,T,A,L
FETCH,F,E,T,C,H
FETED,F,E,T,E,D
FETES,F,E,T,E,S
FETID,F,E,T,I,D
FETOR,F,E,T,O,R
FETUS,F,E,T,U,S
FEUAR,F,E,U,A,R
FEUDS,F,E,U,D,S
FEUED,F,E,U,E,D
FEVER,F,E,V,E,R
FEWER,F,E,W,E,R
FIATS,F,I,A,T,S
FIBER,F,I,B,E,R
FIBRE,F,I,B,R,E
FICHE,F,I,C,H,E
FICHU,F,I,C,H,U
FIEFS,F,I,E,F,S
FIELD,F,I,E,L,D
FIEND,F,I,E,N,D
FIERY,F,I,E,R,Y
FIFES,F,I,F,E,S
FIFTH,F,I,F,T,H
FIFTY,F,I,F,T,Y
FIGHT,F,I,G,H,T
FILAR,F,I,L,A,R
FILCH,F,I,L,C,H
FILED,F,I,L,E,D
FILER,F,I,L,E,R
FILES,F,I,L,E,S
FILET,F,I,L,E,T
FILLS,F,I,L,L,S
FILLY,F,I,L,L,Y
FILMS,F,I,L,M,S
FILMY,F,I,L,M,Y
FILTH,F,I,L,T,H
FINAL,F,I,N,A,L
FINCH,F,I,N,C,H
FINDS,F,I,N,D,S
FINED,F,I,N,E,D
FINER,F,I,N,E,R
FINES,F,I,N,E,S
FINIF,F,I,N,I,F
FINIS,F,I,N,I,S
FINKS,F,I,N,K,S
FINNY,F,I,N,N,Y
FIORD,F,I,O,R,D
FIRED,F,I,R,E,D
FIRER,F,I,R,E,R
FIRES,F,I,R,E,S
FIRMA,F,I,R,M,A
FIRMS,F,I,R,M,S
FIRST,F,I,R,S,T
FIRTH,F,I,R,T,H
FISHY,F,I,S,H,Y
FISTS,F,I,S,T,S
FISTY,F,I,S,T,Y
FITLY,F,I,T,L,Y
FIVER,F,I,V,E,R
FIVES,F,I,V,E,S
FIXED,F,I,X,E,D
FIXER,F,I,X,E,R
FIXES,F,I,X,E,S
FIXIT,F,I,X,I,T
FIZZY,F,I,Z,Z,Y
FJORD,F,J,O,R,D
FLABS,F,L,A,B,S
FLACK,F,L,A,C,K
FLAGS,F,L,A,G,S
FLAIL,F,L,A,I,L
FLAIR,F,L,A,I,R
FLAKE,F,L,A,K,E
FLAKS,F,L,A,K,S
FLAKY,F,L,A,K,Y
FLAME,F,L,A,M,E
FLAMS,F,L,A,M,S
FLANK,F,L,A,N,K
FLAPS,F,L,A,P,S
FLARE,F,L,A,R,E
FLASH,F,L,A,S,H
FLASK,F,L,A,S,K
FLATS,F,L,A,T,S
FLAWS,F,L,A,W,S
FLAYS,F,L,A,Y,S
FLEAS,F,L,E,A,S
FLECK,F,L,E,C,K
FLEES,F,L,E,E,S
FLEET,F,L,E,E,T
FLESH,F,L,E,S,H
FLICK,F,L,I,C,K
FLICS,F,L,I,C,S
FLIED,F,L,I,E,D
FLIER,F,L,I,E,R
FLIES,F,L,I,E,S
FLING,F,L,I,N,G
FLINT,F,L,I,N,T
FLIPS,F,L,I,P,S
FLIRT,F,L,I,R,T
FLITS,F,L,I,T,S
FLOAT,F,L,O,A,T
FLOCK,F,L,O,C,K
FLOES,F,L,O,E,S
FLOGS,F,L,O,G,S
FLOOD,F,L,O,O,D
FLOOR,F,L,O,O,R
FLOPS,F,L,O,P,S
FLORA,F,L,O,R,A
FLOSS,F,L,O,S,S
FLOUR,F,L,O,U,R
FLOUT,F,L,O,U,T
FLOWN,F,L,O,W,N
FLOWS,F,L,O,W,S
FLUBS,F,L,U,B,S
FLUES,F,L,U,E,S
FLUFF,F,L,U,F,F
FLUID,F,L,U,I,D
FLUKE,F,L,U,K,E
FLUKY,F,L,U,K,Y
FLUME,F,L,U,M,E
FLUNG,F,L,U,N,G
FLUNK,F,L,U,N,K
FLUSH,F,L,U,S,H
FLUTE,F,L,U,T,E
FLYBY,F,L,Y,B,Y
FLYER,F,L,Y,E,R
FOALS,F,O,A,L,S
FOAMS,F,O,A,M,S
FOAMY,F,O,A,M,Y
FOCAL,F,O,C,A,L
FOCUS,F,O,C,U,S
FOGEY,F,O,G,E,Y
FOGGY,F,O,G,G,Y
FOILS,F,O,I,L,S
FOIST,F,O,I,S,T
FOLDS,F,O,L,D,S
FOLIA,F,O,L,I,A
FOLIC,F,O,L,I,C
FOLIO,F,O,L,I,O
FOLKS,F,O,L,K,S
FOLKY,F,O,L,K,Y
FOLLY,F,O,L,L,Y
FONDU,F,O,N,D,U
FONTS,F,O,N,T,S
FOODS,F,O,O,D,S
FOOLS,F,O,O,L,S
FOOTS,F,O,O,T,S
FORAY,F,O,R,A,Y
FORCE,F,O,R,C,E
FORDS,F,O,R,D,S
FORES,F,O,R,E,S
FORGE,F,O,R,G,E
FORGO,F,O,R,G,O
FORKS,F,O,R,K,S
FORKY,F,O,R,K,Y
FORMA,F,O,R,M,A
FORMS,F,O,R,M,S
FORTE,F,O,R,T,E
FORTH,F,O,R,T,H
FORTS,F,O,R,T,S
FORTY,F,O,R,T,Y
FORUM,F,O,R,U,M
FOSSA,F,O,S,S,A
FOSSE,F,O,S,S,E
FOULS,F,O,U,L,S
FOUND,F,O,U,N,D
FOUNT,F,O,U,N,T
FOURS,F,O,U,R,S
FOVEA,F,O,V,E,A
FOWLS,F,O,W,L,S
FOXED,F,O,X,E,D
FOXES,F,O,X,E,S
FOYER,F,O,Y,E,R
FRAIL,F,R,A,I,L
FRAME,F,R,A,M,E
FRANC,F,R,A,N,C
FRANK,F,R,A,N,K
FRATS,F,R,A,T,S
FRAUD,F,R,A,U,D
FRAYS,F,R,A,Y,S
FREAK,F,R,E,A,K
FREED,F,R,E,E,D
FREER,F,R,E,E,R
FREES,F,R,E,E,S
FRESH,F,R,E,S,H
FRETS,F,R,E,T,S
FRIAR,F,R,I,A,R
FRIED,F,R,I,E,D
FRIER,F,R,I,E,R
FRIES,F,R,I,E,S
FRIGS,F,R,I,G,S
FRILL,F,R,I,L,L
FRISK,F,R,I,S,K
FRIZZ,F,R,I,Z,Z
FROCK,F,R,O,C,K
FROGS,F,R,O,G,S
FROND,F,R,O,N,D
FRONT,F,R,O,N,T
FROSH,F,R,O,S,H
FROST,F,R,O,S,T
FROTH,F,R,O,T,H
FROWN,F,R,O,W,N
FROZE,F,R,O,Z,E
FRUIT,F,R,U,I,T
FRUMP,F,R,U,M,P
FRYER,F,R,Y,E,R
FTPED,F,T,P,E,D
FUCKS,F,U,C,K,S
FUDGE,F,U,D,G,E
FUDGY,F,U,D,G,Y
FUELS,F,U,E,L,S
FUGAL,F,U,G,A,L
FUGIT,F,U,G,I,T
FUGUE,F,U,G,U,E
FULLS,F,U,L,L,S
FULLY,F,U,L,L,Y
FUMED,F,U,M,E,D
FUMER,F,U,M,E,R
FUMES,F,U,M,E,S
FUNDS,F,U,N,D,S
FUNGI,F,U,N,G,I
FUNGO,F,U,N,G,O
FUNKS,F,U,N,K,S
FUNKY,F,U,N,K,Y
FUNNY,F,U,N,N,Y
FURLS,F,U,R,L,S
FUROR,F,U,R,O,R
FURRY,F,U,R,R,Y
FURZE,F,U,R,Z,E
FUSED,F,U,S,E,D
FUSEE,F,U,S,E,E
FUSES,F,U,S,E,S
FUSSY,F,U,S,S,Y
FUSTY,F,U,S,T,Y
FUTON,F,U,T,O,N
FUZED,F,U,Z,E,D
FUZES,F,U,Z,E,S
FUZZY,F,U,Z,Z,Y
GABBY,G,A,B,B,Y
GABLE,G,A,B,L,E
GAFFE,G,A,F,F,E
GAFFS,G,A,F,F,S
GAGES,G,A,G,E,S
GAILY,G,A,I,L,Y
GAINS,G,A,I,N,S
GAITS,G,A,I,T,S
GALAS,G,A,L,A,S
GALES,G,A,L,E,S
GALLS,G,A,L,L,S
GAMBA,G,A,M,B,A
GAMED,G,A,M,E,D
GAMER,G,A,M,E,R
GAMES,G,A,M,E,S
GAMEY,G,A,M,E,Y
GAMIC,G,A,M,I,C
GAMIN,G,A,M,I,N
GAMMA,G,A,M,M,A
GAMUT,G,A,M,U,T
GANEF,G,A,N,E,F
GANGS,G,A,N,G,S
GAOLS,G,A,O,L,S
GAPED,G,A,P,E,D
GAPER,G,A,P,E,R
GAPES,G,A,P,E,S
GAPPY,G,A,P,P,Y
GARBS,G,A,R,B,S
GARDE,G,A,R,D,E
GASES,G,A,S,E,S
GASPS,G,A,S,P,S
GASSY,G,A,S,S,Y
GATED,G,A,T,E,D
GATES,G,A,T,E,S
GATOR,G,A,T,O,R
GAUDY,G,A,U,D,Y
GAUGE,G,A,U,G,E
GAUNT,G,A,U,N,T
GAUSS,G,A,U,S,S
GAUZE,G,A,U,Z,E
GAUZY,G,A,U,Z,Y
GAVEL,G,A,V,E,L
GAWKS,G,A,W,K,S
GAWKY,G,A,W,K,Y
GAYER,G,A,Y,E,R
GAYLY,G,A,Y,L,Y
GAZED,G,A,Z,E,D
GAZER,G,A,Z,E,R
GAZES,G,A,Z,E,S
GEARS,G,E,A,R,S
GECKO,G,E,C,K,O
GEEKS,G,E,E,K,S
GEESE,G,E,E,S,E
GELDS,G,E,L,D,S
GENES,G,E,N,E,S
GENET,G,E,N,E,T
GENIE,G,E,N,I,E
GENII,G,E,N,I,I
GENRE,G,E,N,R,E
GENTS,G,E,N,T,S
GENUS,G,E,N,U,S
GEODE,G,E,O,D,E
GEOID,G,E,O,I,D
GERMS,G,E,R,M,S
GESSO,G,E,S,S,O
GETUP,G,E,T,U,P
GHOST,G,H,O,S,T
GHOTI,G,H,O,T,I
GHOUL,G,H,O,U,L
GIANT,G,I,A,N,T
GIBED,G,I,B,E,D
GIBER,G,I,B,E,R
GIBES,G,I,B,E,S
GIDDY,G,I,D,D,Y
GIFTS,G,I,F,T,S
GIGAS,G,I,G,A,S
GIGUE,G,I,G,U,E
GILDS,G,I,L,D,S
GILLS,G,I,L,L,S
GILTS,G,I,L,T,S
GIMEL,G,I,M,E,L
GIMME,G,I,M,M,E
GIMPS,G,I,M,P,S
GIMPY,G,I,M,P,Y
GINNY,G,I,N,N,Y
GIPSY,G,I,P,S,Y
GIRDS,G,I,R,D,S
GIRLS,G,I,R,L,S
GIRLY,G,I,R,L,Y
GIROS,G,I,R,O,S
GIRTH,G,I,R,T,H
GIRTS,G,I,R,T,S
GISMO,G,I,S,M,O
GISTS,G,I,S,T,S
GIVEN,G,I,V,E,N
GIVER,G,I,V,E,R
GIVES,G,I,V,E,S
GIZMO,G,I,Z,M,O
GLADE,G,L,A,D,E
GLADS,G,L,A,D,S
GLAND,G,L,A,N,D
GLANS,G,L,A,N,S
GLARE,G,L,A,R,E
GLARY,G,L,A,R,Y
GLASS,G,L,A,S,S
GLAZE,G,L,A,Z,E
GLEAM,G,L,E,A,M
GLEAN,G,L,E,A,N
GLEBE,G,L,E,B,E
GLEES,G,L,E,E,S
GLENS,G,L,E,N,S
GLIDE,G,L,I,D,E
GLINT,G,L,I,N,T
GLITZ,G,L,I,T,Z
GLOAT,G,L,O,A,T
GLOBE,G,L,O,B,E
GLOBS,G,L,O,B,S
GLOMS,G,L,O,M,S
GLOOM,G,L,O,O,M
GLORY,G,L,O,R,Y
GLOSS,G,L,O,S,S
GLOVE,G,L,O,V,E
GLOWS,G,L,O,W,S
GLUED,G,L,U,E,D
GLUER,G,L,U,E,R
GLUES,G,L,U,E,S
GLUEY,G,L,U,E,Y
GLUON,G,L,U,O,N
GLUTS,G,L,U,T,S
GLYPH,G,L,Y,P,H
GNARL,G,N,A,R,L
GNASH,G,N,A,S,H
GNATS,G,N,A,T,S
GNAWS,G,N,A,W,S
GNOME,G,N,O,M,E
GOADS,G,O,A,D,S
GOALS,G,O,A,L,S
GOATS,G,O,A,T,S
GODLY,G,O,D,L,Y
GOERS,G,O,E,R,S
GOEST,G,O,E,S,T
GOETH,G,O,E,T,H
GOFER,G,O,F,E,R
GOING,G,O,I,N,G
GOLDS,G,O,L,D,S
GOLEM,G,O,L,E,M
GOLFS,G,O,L,F,S
GOLLY,G,O,L,L,Y
GONAD,G,O,N,A,D
GONER,G,O,N,E,R
GONGS,G,O,N,G,S
GONNA,G,O,N,N,A
GONZO,G,O,N,Z,O
GOODS,G,O,O,D,S
GOODY,G,O,O,D,Y
GOOEY,G,O,O,E,Y
GOOFS,G,O,O,F,S
GOOFY,G,O,O,F,Y
GOOKS,G,O,O,K,S
GOOKY,G,O,O,K,Y
GOONS,G,O,O,N,S
GOONY,G,O,O,N,Y
GOOPY,G,O,O,P,Y
GOOSE,G,O,O,S,E
GOOSY,G,O,O,S,Y
GORED,G,O,R,E,D
GORES,G,O,R,E,S
GORGE,G,O,R,G,E
GORSE,G,O,R,S,E
GOTHS,G,O,T,H,S
GOTTA,G,O,T,T,A
GOUDA,G,O,U,D,A
GOUGE,G,O,U,G,E
GOURD,G,O,U,R,D
GOUTS,G,O,U,T,S
GOUTY,G,O,U,T,Y
GOWNS,G,O,W,N,S
GOYIM,G,O,Y,I,M
GRABS,G,R,A,B,S
GRACE,G,R,A,C,E
GRADE,G,R,A,D,E
GRADS,G,R,A,D,S
GRAFT,G,R,A,F,T
GRAIL,G,R,A,I,L
GRAIN,G,R,A,I,N
GRAMS,G,R,A,M,S
GRAND,G,R,A,N,D
GRANT,G,R,A,N,T
GRAPE,G,R,A,P,E
GRAPH,G,R,A,P,H
GRAPY,G,R,A,P,Y
GRASP,G,R,A,S,P
GRASS,G,R,A,S,S
GRATA,G,R,A,T,A
GRATE,G,R,A,T,E
GRAVE,G,R,A,V,E
GRAVY,G,R,A,V,Y
GRAYS,G,R,A,Y,S
GRAZE,G,R,A,Z,E
GREAT,G,R,E,A,T
GREBE,G,R,E,B,E
GREED,G,R,E,E,D
GREEK,G,R,E,E,K
GREEN,G,R,E,E,N
GREET,G,R,E,E,T
GREPS,G,R,E,P,S
GREYS,G,R,E,Y,S
GRIDS,G,R,I,D,S
GRIEF,G,R,I,E,F
GRIFT,G,R,I,F,T
GRILL,G,R,I,L,L
GRIME,G,R,I,M,E
GRIMY,G,R,I,M,Y
GRIND,G,R,I,N,D
GRINS,G,R,I,N,S
GRIPE,G,R,I,P,E
GRIPS,G,R,I,P,S
GRIST,G,R,I,S,T
GRITS,G,R,I,T,S
GROAN,G,R,O,A,N
GROAT,G,R,O,A,T
GRODY,G,R,O,D,Y
GROGS,G,R,O,G,S
GROIN,G,R,O,I,N
GROKS,G,R,O,K,S
GRONK,G,R,O,N,K
GROOK,G,R,O,O,K
GROOM,G,R,O,O,M
GROPE,G,R,O,P,E
GROSS,G,R,O,S,S
GROUP,G,R,O,U,P
GROUT,G,R,O,U,T
GROVE,G,R,O,V,E
GROWL,G,R,O,W,L
GROWN,G,R,O,W,N
GROWS,G,R,O,W,S
GRUBS,G,R,U,B,S
GRUEL,G,R,U,E,L
GRUFF,G,R,U,F,F
GRUMP,G,R,U,M,P
GRUNT,G,R,U,N,T
GUANO,G,U,A,N,O
GUARD,G,U,A,R,D
GUAVA,G,U,A,V,A
GUESS,G,U,E,S,S
GUEST,G,U,E,S,T
GUIDE,G,U,I,D,E
GUILD,G,U,I,L,D
GUILE,G,U,I,L,E
GUILT,G,U,I,L,T
GUISE,G,U,I,S,E
GULAG,G,U,L,A,G
GULCH,G,U,L,C,H
GULES,G,U,L,E,S
GULFS,G,U,L,F,S
GULLS,G,U,L,L,S
GULLY,G,U,L,L,Y
GULPS,G,U,L,P,S
GUMBO,G,U,M,B,O
GUMMY,G,U,M,M,Y
GUNKS,G,U,N,K,S
GUNKY,G,U,N,K,Y
GUNNY,G,U,N,N,Y
GUPPY,G,U,P,P,Y
GURUS,G,U,R,U,S
GUSHY,G,U,S,H,Y
GUSTO,G,U,S,T,O
GUSTS,G,U,S,T,S
GUSTY,G,U,S,T,Y
GUTSY,G,U,T,S,Y
GUTTA,G,U,T,T,A
GUTTY,G,U,T,T,Y
GUYED,G,U,Y,E,D
GWINE,G,W,I,N,E
GYPPY,G,Y,P,P,Y
GYPSY,G,Y,P,S,Y
GYROS,G,Y,R,O,S
GYVED,G,Y,V,E,D
GYVES,G,Y,V,E,S
HABIT,H,A,B,I,T
HACKS,H,A,C,K,S
HADDA,H,A,D,D,A
HADES,H,A,D,E,S
HADST,H,A,D,S,T
HAFTA,H,A,F,T,A
HAFTS,H,A,F,T,S
HAIKU,H,A,I,K,U
HAILS,H,A,I,L,S
HAIRS,H,A,I,R,S
HAIRY,H,A,I,R,Y
HALED,H,A,L,E,D
HALER,H,A,L,E,R
HALES,H,A,L,E,S
HALLO,H,A,L,L,O
HALLS,H,A,L,L,S
HALMA,H,A,L,M,A
HALOS,H,A,L,O,S
HALTS,H,A,L,T,S
HALVE,H,A,L,V,E
HAMES,H,A,M,E,S
HAMMY,H,A,M,M,Y
HAMZA,H,A,M,Z,A
HANDS,H,A,N,D,S
HANDY,H,A,N,D,Y
HANGS,H,A,N,G,S
HANKS,H,A,N,K,S
HANKY,H,A,N,K,Y
HAPAX,H,A,P,A,X
HAPLY,H,A,P,L,Y
HAPPY,H,A,P,P,Y
HARDY,H,A,R,D,Y
HAREM,H,A,R,E,M
HARES,H,A,R,E,S
HARKS,H,A,R,K,S
HARMS,H,A,R,M,S
HARPS,H,A,R,P,S
HARPY,H,A,R,P,Y
HARRY,H,A,R,R,Y
HARSH,H,A,R,S,H
HARTS,H,A,R,T,S
HARUM,H,A,R,U,M
HASPS,H,A,S,P,S
HASTE,H,A,S,T,E
HASTY,H,A,S,T,Y
HATCH,H,A,T,C,H
HATED,H,A,T,E,D
HATER,H,A,T,E,R
HATES,H,A,T,E,S
HAULS,H,A,U,L,S
HAUNT,H,A,U,N,T
HAUTE,H,A,U,T,E
HAVEN,H,A,V,E,N
HAVES,H,A,V,E,S
HAVOC,H,A,V,O,C
HAWED,H,A,W,E,D
HAWKS,H,A,W,K,S
HAYED,H,A,Y,E,D
HAYER,H,A,Y,E,R
HAYEY,H,A,Y,E,Y
HAZED,H,A,Z,E,D
HAZEL,H,A,Z,E,L
HAZER,H,A,Z,E,R
HAZES,H,A,Z,E,S
HEADS,H,E,A,D,S
HEADY,H,E,A,D,Y
HEALS,H,E,A,L,S
HEAPS,H,E,A,P,S
HEARD,H,E,A,R,D
HEARS,H,E,A,R,S
HEART,H,E,A,R,T
HEATH,H,E,A,T,H
HEATS,H,E,A,T,S
HEAVE,H,E,A,V,E
HEAVY,H,E,A,V,Y
HEDGE,H,E,D,G,E
HEEDS,H,E,E,D,S
HEELS,H,E,E,L,S
HEERD,H,E,E,R,D
HEFTS,H,E,F,T,S
HEFTY,H,E,F,T,Y
HEIGH,H,E,I,G,H
HEIRS,H,E,I,R,S
HEIST,H,E,I,S,T
HELIX,H,E,L,I,X
HELLO,H,E,L,L,O
HELLS,H,E,L,L,S
HELMS,H,E,L,M,S
HELPS,H,E,L,P,S
HEMPS,H,E,M,P,S
HEMPY,H,E,M,P,Y
HENCE,H,E,N,C,E
HENGE,H,E,N,G,E
HENNA,H,E,N,N,A
HENRY,H,E,N,R,Y
HERBS,H,E,R,B,S
HERBY,H,E,R,B,Y
HERDS,H,E,R,D,S
HEREM,H,E,R,E,M
HERES,H,E,R,E,S
HERON,H,E,R,O,N
HEROS,H,E,R,O,S
HERTZ,H,E,R,T,Z
HEWED,H,E,W,E,D
HEWER,H,E,W,E,R
HEXAD,H,E,X,A,D
HEXED,H,E,X,E,D
HEXER,H,E,X,E,R
HEXES,H,E,X,E,S
HICKS,H,I,C,K,S
HIDER,H,I,D,E,R
HIDES,H,I,D,E,S
HIGHS,H,I,G,H,S
HIKED,H,I,K,E,D
HIKER,H,I,K,E,R
HIKES,H,I,K,E,S
HILAR,H,I,L,A,R
HILLS,H,I,L,L,S
HILLY,H,I,L,L,Y
HILTS,H,I,L,T,S
HILUM,H,I,L,U,M
HIMBO,H,I,M,B,O
HINDS,H,I,N,D,S
HINGE,H,I,N,G,E
HINTS,H,I,N,T,S
HIPPO,H,I,P,P,O
HIPPY,H,I,P,P,Y
HIRED,H,I,R,E,D
HIRER,H,I,R,E,R
HIRES,H,I,R,E,S
HITCH,H,I,T,C,H
HIVED,H,I,V,E,D
HIVER,H,I,V,E,R
HIVES,H,I,V,E,S
HOAGY,H,O,A,G,Y
HOARD,H,O,A,R,D
HOARS,H,O,A,R,S
HOARY,H,O,A,R,Y
HOBBY,H,O,B,B,Y
HOBOS,H,O,B,O,S
HOCKS,H,O,C,K,S
HOCUS,H,O,C,U,S
HODAD,H,O,D,A,D
HOERS,H,O,E,R,S
HOGAN,H,O,G,A,N
HOIST,H,O,I,S,T
HOKEY,H,O,K,E,Y
HOKUM,H,O,K,U,M
HOLDS,H,O,L,D,S
HOLED,H,O,L,E,D
HOLER,H,O,L,E,R
HOLES,H,O,L,E,S
HOLEY,H,O,L,E,Y
HOLLY,H,O,L,L,Y
HOLON,H,O,L,O,N
HOMED,H,O,M,E,D
HOMER,H,O,M,E,R
HOMES,H,O,M,E,S
HOMEY,H,O,M,E,Y
HOMME,H,O,M,M,E
HOMOS,H,O,M,O,S
HONED,H,O,N,E,D
HONER,H,O,N,E,R
HONES,H,O,N,E,S
HONEY,H,O,N,E,Y
HONKS,H,O,N,K,S
HONKY,H,O,N,K,Y
HONOR,H,O,N,O,R
HOOCH,H,O,O,C,H
HOODS,H,O,O,D,S
HOOEY,H,O,O,E,Y
HOOFS,H,O,O,F,S
HOOKS,H,O,O,K,S
HOOKY,H,O,O,K,Y
HOOPS,H,O,O,P,S
HOOTS,H,O,O,T,S
HOPED,H,O,P,E,D
HOPER,H,O,P,E,R
HOPES,H,O,P,E,S
HOPPY,H,O,P,P,Y
HORDE,H,O,R,D,E
HORNS,H,O,R,N,S
HORNY,H,O,R,N,Y
HORSE,H,O,R,S,E
HORSY,H,O,R,S,Y
HOSED,H,O,S,E,D
HOSES,H,O,S,E,S
HOSTS,H,O,S,T,S
HOTEL,H,O,T,E,L
HOTLY,H,O,T,L,Y
HOUND,H,O,U,N,D
HOURI,H,O,U,R,I
HOURS,H,O,U,R,S
HOUSE,H,O,U,S,E
HOVEL,H,O,V,E,L
HOVER,H,O,V,E,R
HOWDY,H,O,W,D,Y
HOWLS,H,O,W,L,S
HUBBA,H,U,B,B,A
HUBBY,H,U,B,B,Y
HUFFS,H,U,F,F,S
HUFFY,H,U,F,F,Y
HUGER,H,U,G,E,R
HULAS,H,U,L,A,S
HULKS,H,U,L,K,S
HULKY,H,U,L,K,Y
HULLO,H,U,L,L,O
HULLS,H,U,L,L,S
HUMAN,H,U,M,A,N
HUMID,H,U,M,I,D
HUMOR,H,U,M,O,R
HUMPF,H,U,M,P,F
HUMPH,H,U,M,P,H
HUMPS,H,U,M,P,S
HUMPY,H,U,M,P,Y
HUMUS,H,U,M,U,S
HUNCH,H,U,N,C,H
HUNKS,H,U,N,K,S
HUNKY,H,U,N,K,Y
HUNTS,H,U,N,T,S
HURLS,H,U,R,L,S
HURLY,H,U,R,L,Y
HURRY,H,U,R,R,Y
HURTS,H,U,R,T,S
HUSKS,H,U,S,K,S
HUSKY,H,U,S,K,Y
HUSSY,H,U,S,S,Y
HUTCH,H,U,T,C,H
HUZZA,H,U,Z,Z,A
HYDRA,H,Y,D,R,A
HYDRO,H,Y,D,R,O
HYENA,H,Y,E,N,A
HYING,H,Y,I,N,G
HYMEN,H,Y,M,E,N
HYMNS,H,Y,M,N,S
HYPED,H,Y,P,E,D
HYPER,H,Y,P,E,R
HYPES,H,Y,P,E,S
HYPOS,H,Y,P,O,S
IAMBS,I,A,M,B,S
ICERS,I,C,E,R,S
ICHOR,I,C,H,O,R
ICIER,I,C,I,E,R
ICILY,I,C,I,L,Y
ICING,I,C,I,N,G
ICONS,I,C,O,N,S
IDEAL,I,D,E,A,L
IDEAS,I,D,E,A,S
IDIOM,I,D,I,O,M
IDIOT,I,D,I,O,T
IDLED,I,D,L,E,D
IDLER,I,D,L,E,R
IDLES,I,D,L,E,S
IDOLS,I,D,O,L,S
IDYLL,I,D,Y,L,L
IDYLS,I,D,Y,L,S
IGLOO,I,G,L,O,O
IKATS,I,K,A,T,S
IKONS,I,K,O,N,S
ILEUM,I,L,E,U,M
ILEUS,I,L,E,U,S
ILIAC,I,L,I,A,C
ILIUM,I,L,I,U,M
IMAGE,I,M,A,G,E
IMAGO,I,M,A,G,O
IMAMS,I,M,A,M,S
IMBED,I,M,B,E,D
IMBUE,I,M,B,U,E
IMMIX,I,M,M,I,X
IMPEL,I,M,P,E,L
IMPLY,I,M,P,L,Y
IMPRO,I,M,P,R,O
INANE,I,N,A,N,E
INAPT,I,N,A,P,T
INCUR,I,N,C,U,R
INDEX,I,N,D,E,X
INDIE,I,N,D,I,E
INEPT,I,N,E,P,T
INERT,I,N,E,R,T
INFER,I,N,F,E,R
INFIX,I,N,F,I,X
INFRA,I,N,F,R,A
INGOT,I,N,G,O,T
INJUN,I,N,J,U,N
INKED,I,N,K,E,D
INKER,I,N,K,E,R
INLAY,I,N,L,A,Y
INLET,I,N,L,E,T
INNER,I,N,N,E,R
INODE,I,N,O,D,E
INPUT,I,N,P,U,T
INSET,I,N,S,E,T
INTER,I,N,T,E,R
INTRA,I,N,T,R,A
INTRO,I,N,T,R,O
INURE,I,N,U,R,E
IOCTL,I,O,C,T,L
IODIC,I,O,D,I,C
IONIC,I,O,N,I,C
IOTAS,I,O,T,A,S
IRATE,I,R,A,T,E
IRKED,I,R,K,E,D
IRONS,I,R,O,N,S
IRONY,I,R,O,N,Y
ISLES,I,S,L,E,S
ISLET,I,S,L,E,T
ISSUE,I,S,S,U,E
ITCHY,I,T,C,H,Y
ITEMS,I,T,E,M,S
IVIED,I,V,I,E,D
IVIES,I,V,I,E,S
IVORY,I,V,O,R,Y
IXNAY,I,X,N,A,Y
JACKS,J,A,C,K,S
JADED,J,A,D,E,D
JADES,J,A,D,E,S
JAGGY,J,A,G,G,Y
JAILS,J,A,I,L,S
JAKES,J,A,K,E,S
JAMBS,J,A,M,B,S
JAMMY,J,A,M,M,Y
JANES,J,A,N,E,S
JAPAN,J,A,P,A,N
JAUNT,J,A,U,N,T
JAWED,J,A,W,E,D
JAZZY,J,A,Z,Z,Y
JEANS,J,E,A,N,S
JEEPS,J,E,E,P,S
JEERS,J,E,E,R,S
JELLO,J,E,L,L,O
JELLS,J,E,L,L,S
JELLY,J,E,L,L,Y
JENNY,J,E,N,N,Y
JERKS,J,E,R,K,S
JERKY,J,E,R,K,Y
JERRY,J,E,R,R,Y
JESTS,J,E,S,T,S
JETTY,J,E,T,T,Y
JEWEL,J,E,W,E,L
JIBED,J,I,B,E,D
JIBER,J,I,B,E,R
JIBES,J,I,B,E,S
JIFFS,J,I,F,F,S
JIFFY,J,I,F,F,Y
JIHAD,J,I,H,A,D
JILTS,J,I,L,T,S
JIMMY,J,I,M,M,Y
JINGO,J,I,N,G,O
JINGS,J,I,N,G,S
JINKS,J,I,N,K,S
JINNS,J,I,N,N,S
JIVED,J,I,V,E,D
JIVES,J,I,V,E,S
JOCKS,J,O,C,K,S
JOEYS,J,O,E,Y,S
JOHNS,J,O,H,N,S
JOINS,J,O,I,N,S
JOINT,J,O,I,N,T
JOIST,J,O,I,S,T
JOKED,J,O,K,E,D
JOKER,J,O,K,E,R
JOKES,J,O,K,E,S
JOLLY,J,O,L,L,Y
JOLTS,J,O,L,T,S
JOULE,J,O,U,L,E
JOUST,J,O,U,S,T
JOWLS,J,O,W,L,S
JOWLY,J,O,W,L,Y
JOYED,J,O,Y,E,D
JUDGE,J,U,D,G,E
JUDOS,J,U,D,O,S
JUICE,J,U,I,C,E
JUICY,J,U,I,C,Y
JUJUS,J,U,J,U,S
JUKES,J,U,K,E,S
JULEP,J,U,L,E,P
JUMBO,J,U,M,B,O
JUMPS,J,U,M,P,S
JUMPY,J,U,M,P,Y
JUNCO,J,U,N,C,O
JUNKS,J,U,N,K,S
JUNKY,J,U,N,K,Y
JUNTA,J,U,N,T,A
JUROR,J,U,R,O,R
JUSTE,J,U,S,T,E
JUTES,J,U,T,E,S
KABOB,K,A,B,O,B
KAIAK,K,A,I,A,K
KALES,K,A,L,E,S
KAPOK,K,A,P,O,K
KAPPA,K,A,P,P,A
KAPUT,K,A,P,U,T
KARAT,K,A,R,A,T
KARMA,K,A,R,M,A
KAYAK,K,A,Y,A,K
KAYOS,K,A,Y,O,S
KAZOO,K,A,Z,O,O
KEBAB,K,E,B,A,B
KEBOB,K,E,B,O,B
KEELS,K,E,E,L,S
KEENS,K,E,E,N,S
KEEPS,K,E,E,P,S
KEFIR,K,E,F,I,R
KELLY,K,E,L,L,Y
KELPS,K,E,L,P,S
KELPY,K,E,L,P,Y
KENAF,K,E,N,A,F
KEPIS,K,E,P,I,S
KERBS,K,E,R,B,S
KERFS,K,E,R,F,S
KERNS,K,E,R,N,S
KETCH,K,E,T,C,H
KEYED,K,E,Y,E,D
KEYER,K,E,Y,E,R
KHAKI,K,H,A,K,I
KHANS,K,H,A,N,S
KICKS,K,I,C,K,S
KICKY,K,I,C,K,Y
KIDDO,K,I,D,D,O
KIKES,K,I,K,E,S
KILLS,K,I,L,L,S
KILNS,K,I,L,N,S
KILOS,K,I,L,O,S
KILTS,K,I,L,T,S
KILTY,K,I,L,T,Y
KINDA,K,I,N,D,A
KINDS,K,I,N,D,S
KINGS,K,I,N,G,S
KINKS,K,I,N,K,S
KINKY,K,I,N,K,Y
KIOSK,K,I,O,S,K
KIRKS,K,I,R,K,S
KITED,K,I,T,E,D
KITES,K,I,T,E,S
KITHS,K,I,T,H,S
KITTY,K,I,T,T,Y
KIVAS,K,I,V,A,S
KIWIS,K,I,W,I,S
KLIEG,K,L,I,E,G
KLUGE,K,L,U,G,E
KLUGY,K,L,U,G,Y
KLUNK,K,L,U,N,K
KLUTZ,K,L,U,T,Z
KNACK,K,N,A,C,K
KNAVE,K,N,A,V,E
KNEAD,K,N,E,A,D
KNEED,K,N,E,E,D
KNEEL,K,N,E,E,L
KNEES,K,N,E,E,S
KNELL,K,N,E,L,L
KNELT,K,N,E,L,T
KNIFE,K,N,I,F,E
KNISH,K,N,I,S,H
KNITS,K,N,I,T,S
KNOBS,K,N,O,B,S
KNOCK,K,N,O,C,K
KNOLL,K,N,O,L,L
KNOPS,K,N,O,P,S
KNOTS,K,N,O,T,S
KNOUT,K,N,O,U,T
KNOWN,K,N,O,W,N
KNOWS,K,N,O,W,S
KNURL,K,N,U,R,L
KOALA,K,O,A,L,A
KOINE,K,O,I,N,E
KOOKS,K,O,O,K,S
KOOKY,K,O,O,K,Y
KOPEK,K,O,P,E,K
KRAAL,K,R,A,A,L
KRAUT,K,R,A,U,T
KRILL,K,R,I,L,L
KRONA,K,R,O,N,A
KRONE,K,R,O,N,E
KUDOS,K,U,D,O,S
KUDZU,K,U,D,Z,U
KULAK,K,U,L,A,K
KYRIE,K,Y,R,I,E
LABEL,L,A,B,E,L
LABIA,L,A,B,I,A
LABOR,L,A,B,O,R
LACED,L,A,C,E,D
LACER,L,A,C,E,R
LACES,L,A,C,E,S
LACEY,L,A,C,E,Y
LACKS,L,A,C,K,S
LADED,L,A,D,E,D
LADEN,L,A,D,E,N
LADES,L,A,D,E,S
LADLE,L,A,D,L,E
LAGER,L,A,G,E,R
LAIRD,L,A,I,R,D
LAIRS,L,A,I,R,S
LAITY,L,A,I,T,Y
LAKER,L,A,K,E,R
LAKES,L,A,K,E,S
LAMAS,L,A,M,A,S
LAMBS,L,A,M,B,S
LAMED,L,A,M,E,D
LAMER,L,A,M,E,R
LAMES,L,A,M,E,S
LAMPS,L,A,M,P,S
LANAI,L,A,N,A,I
LANCE,L,A,N,C,E
LANDS,L,A,N,D,S
LANES,L,A,N,E,S
LANKY,L,A,N,K,Y
LAPEL,L,A,P,E,L
LAPIN,L,A,P,I,N
LAPIS,L,A,P,I,S
LAPSE,L,A,P,S,E
LARCH,L,A,R,C,H
LARDS,L,A,R,D,S
LARDY,L,A,R,D,Y
LARGE,L,A,R,G,E
LARGO,L,A,R,G,O
LARKS,L,A,R,K,S
LARVA,L,A,R,V,A
LASED,L,A,S,E,D
LASER,L,A,S,E,R
LASES,L,A,S,E,S
LASSO,L,A,S,S,O
LASTS,L,A,S,T,S
LATCH,L,A,T,C,H
LATER,L,A,T,E,R
LATEX,L,A,T,E,X
LATHE,L,A,T,H,E
LATHS,L,A,T,H,S
LATIN,L,A,T,I,N
LATUS,L,A,T,U,S
LAUDE,L,A,U,D,E
LAUDS,L,A,U,D,S
LAUGH,L,A,U,G,H
LAVAS,L,A,V,A,S
LAVED,L,A,V,E,D
LAVER,L,A,V,E,R
LAVES,L,A,V,E,S
LAWNS,L,A,W,N,S
LAWNY,L,A,W,N,Y
LAWZY,L,A,W,Z,Y
LAXER,L,A,X,E,R
LAXLY,L,A,X,L,Y
LAYER,L,A,Y,E,R
LAYUP,L,A,Y,U,P
LAZED,L,A,Z,E,D
LAZES,L,A,Z,E,S
LEACH,L,E,A,C,H
LEADS,L,E,A,D,S
LEAFS,L,E,A,F,S
LEAFY,L,E,A,F,Y
LEAKS,L,E,A,K,S
LEAKY,L,E,A,K,Y
LEANS,L,E,A,N,S
LEANT,L,E,A,N,T
LEAPS,L,E,A,P,S
LEAPT,L,E,A,P,T
LEARN,L,E,A,R,N
LEASE,L,E,A,S,E
LEASH,L,E,A,S,H
LEAST,L,E,A,S,T
LEAVE,L,E,A,V,E
LEDGE,L,E,D,G,E
LEECH,L,E,E,C,H
LEEKS,L,E,E,K,S
LEERS,L,E,E,R,S
LEERY,L,E,E,R,Y
LEFTS,L,E,F,T,S
LEFTY,L,E,F,T,Y
LEGAL,L,E,G,A,L
LEGGO,L,E,G,G,O
LEGGY,L,E,G,G,Y
LEGIT,L,E,G,I,T
LEGOS,L,E,G,O,S
LEMMA,L,E,M,M,A
LEMME,L,E,M,M,E
LEMON,L,E,M,O,N
LEMUR,L,E,M,U,R
LENDS,L,E,N,D,S
LENTO,L,E,N,T,O
LEPER,L,E,P,E,R
LEPTA,L,E,P,T,A
LETUP,L,E,T,U,P
LEVEE,L,E,V,E,E
LEVEL,L,E,V,E,L
LEVER,L,E,V,E,R
LEVIS,L,E,V,I,S
LIARS,L,I,A,R,S
LIBEL,L,I,B,E,L
LIBRA,L,I,B,R,A
LICIT,L,I,C,I,T
LICKS,L,I,C,K,S
LIEGE,L,I,E,G,E
LIENS,L,I,E,N,S
LIERS,L,I,E,R,S
LIEST,L,I,E,S,T
LIETH,L,I,E,T,H
LIFER,L,I,F,E,R
LIFTS,L,I,F,T,S
LIGHT,L,I,G,H,T
LIGNE,L,I,G,N,E
LIKED,L,I,K,E,D
LIKEN,L,I,K,E,N
LIKER,L,I,K,E,R
LIKES,L,I,K,E,S
LILAC,L,I,L,A,C
LILTS,L,I,L,T,S
LILTY,L,I,L,T,Y
LIMBO,L,I,M,B,O
LIMBS,L,I,M,B,S
LIMBY,L,I,M,B,Y
LIMED,L,I,M,E,D
LIMEN,L,I,M,E,N
LIMES,L,I,M,E,S
LIMEY,L,I,M,E,Y
LIMIT,L,I,M,I,T
LIMNS,L,I,M,N,S
LIMOS,L,I,M,O,S
LIMPS,L,I,M,P,S
LINED,L,I,N,E,D
LINEN,L,I,N,E,N
LINER,L,I,N,E,R
LINES,L,I,N,E,S
LINGO,L,I,N,G,O
LINGS,L,I,N,G,S
LINKS,L,I,N,K,S
LINTS,L,I,N,T,S
LINTY,L,I,N,T,Y
LIONS,L,I,O,N,S
LIPID,L,I,P,I,D
LIPPY,L,I,P,P,Y
LIRAS,L,I,R,A,S
LISLE,L,I,S,L,E
LISPS,L,I,S,P,S
LISTS,L,I,S,T,S
LITER,L,I,T,E,R
LITES,L,I,T,E,S
LITHE,L,I,T,H,E
LITHO,L,I,T,H,O
LITRE,L,I,T,R,E
LIVED,L,I,V,E,D
LIVEN,L,I,V,E,N
LIVER,L,I,V,E,R
LIVES,L,I,V,E,S
LIVID,L,I,V,I,D
LIVRE,L,I,V,R,E
LLAMA,L,L,A,M,A
LOADS,L,O,A,D,S
LOAFS,L,O,A,F,S
LOAMS,L,O,A,M,S
LOAMY,L,O,A,M,Y
LOANS,L,O,A,N,S
LOATH,L,O,A,T,H
LOBAR,L,O,B,A,R
LOBBY,L,O,B,B,Y
LOBED,L,O,B,E,D
LOBES,L,O,B,E,S
LOCAL,L,O,C,A,L
LOCHS,L,O,C,H,S
LOCKS,L,O,C,K,S
LOCOS,L,O,C,O,S
LOCUS,L,O,C,U,S
LODES,L,O,D,E,S
LODGE,L,O,D,G,E
LOESS,L,O,E,S,S
LOFTS,L,O,F,T,S
LOFTY,L,O,F,T,Y
LOGES,L,O,G,E,S
LOGGY,L,O,G,G,Y
LOGIC,L,O,G,I,C
LOGIN,L,O,G,I,N
LOGOS,L,O,G,O,S
LOINS,L,O,I,N,S
LOLLS,L,O,L,L,S
LOLLY,L,O,L,L,Y
LONER,L,O,N,E,R
LONGS,L,O,N,G,S
LOOKS,L,O,O,K,S
LOOKY,L,O,O,K,Y
LOOMS,L,O,O,M,S
LOONS,L,O,O,N,S
LOONY,L,O,O,N,Y
LOOPS,L,O,O,P,S
LOOPY,L,O,O,P,Y
LOOSE,L,O,O,S,E
LOOTS,L,O,O,T,S
LOPED,L,O,P,E,D
LOPER,L,O,P,E,R
LOPES,L,O,P,E,S
LOPPY,L,O,P,P,Y
LORDS,L,O,R,D,S
LORDY,L,O,R,D,Y
LORES,L,O,R,E,S
LORRY,L,O,R,R,Y
LOSER,L,O,S,E,R
LOSES,L,O,S,E,S
LOSSY,L,O,S,S,Y
LOTSA,L,O,T,S,A
LOTTA,L,O,T,T,A
LOTTO,L,O,T,T,O
LOTUS,L,O,T,U,S
LOUIS,L,O,U,I,S
LOUSE,L,O,U,S,E
LOUSY,L,O,U,S,Y
LOUTS,L,O,U,T,S
LOVED,L,O,V,E,D
LOVER,L,O,V,E,R
LOVES,L,O,V,E,S
LOWED,L,O,W,E,D
LOWER,L,O,W,E,R
LOWLY,L,O,W,L,Y
LOXES,L,O,X,E,S
LOYAL,L,O,Y,A,L
LUAUS,L,U,A,U,S
LUBES,L,U,B,E,S
LUBRA,L,U,B,R,A
LUCID,L,U,C,I,D
LUCKS,L,U,C,K,S
LUCKY,L,U,C,K,Y
LUCRE,L,U,C,R,E
LULAB,L,U,L,A,B
LULLS,L,U,L,L,S
LULUS,L,U,L,U,S
LUMEN,L,U,M,E,N
LUMPS,L,U,M,P,S
LUMPY,L,U,M,P,Y
LUNAR,L,U,N,A,R
LUNCH,L,U,N,C,H
LUNES,L,U,N,E,S
LUNGE,L,U,N,G,E
LUNGS,L,U,N,G,S
LUPUS,L,U,P,U,S
LURCH,L,U,R,C,H
LURED,L,U,R,E,D
LURER,L,U,R,E,R
LURES,L,U,R,E,S
LURID,L,U,R,I,D
LURKS,L,U,R,K,S
LUSTS,L,U,S,T,S
LUSTY,L,U,S,T,Y
LUTED,L,U,T,E,D
LUTES,L,U,T,E,S
LUVYA,L,U,V,Y,A
LUXES,L,U,X,E,S
LYCRA,L,Y,C,R,A
LYING,L,Y,I,N,G
LYMPH,L,Y,M,P,H
LYNCH,L,Y,N,C,H
LYRES,L,Y,R,E,S
LYRIC,L,Y,R,I,C
MACAW,M,A,C,A,W
MACED,M,A,C,E,D
MACER,M,A,C,E,R
MACES,M,A,C,E,S
MACHO,M,A,C,H,O
MACRO,M,A,C,R,O
MADAM,M,A,D,A,M
MADLY,M,A,D,L,Y
MAFIA,M,A,F,I,A
MAGIC,M,A,G,I,C
MAGMA,M,A,G,M,A
MAGNA,M,A,G,N,A
MAGUS,M,A,G,U,S
MAHUA,M,A,H,U,A
MAIDS,M,A,I,D,S
MAILS,M,A,I,L,S
MAIMS,M,A,I,M,S
MAINS,M,A,I,N,S
MAIZE,M,A,I,Z,E
MAJOR,M,A,J,O,R
MAKER,M,A,K,E,R
MAKES,M,A,K,E,S
MALES,M,A,L,E,S
MALLS,M,A,L,L,S
MALTS,M,A,L,T,S
MALTY,M,A,L,T,Y
MAMAS,M,A,M,A,S
MAMBO,M,A,M,B,O
MAMMA,M,A,M,M,A
MAMMY,M,A,M,M,Y
MANED,M,A,N,E,D
MANES,M,A,N,E,S
MANGE,M,A,N,G,E
MANGO,M,A,N,G,O
MANGY,M,A,N,G,Y
MANIA,M,A,N,I,A
MANIC,M,A,N,I,C
MANLY,M,A,N,L,Y
MANNA,M,A,N,N,A
MANOR,M,A,N,O,R
MANSE,M,A,N,S,E
MANTA,M,A,N,T,A
MAPLE,M,A,P,L,E
MARCH,M,A,R,C,H
MARES,M,A,R,E,S
MARGE,M,A,R,G,E
MARIA,M,A,R,I,A
MARKS,M,A,R,K,S
MARLS,M,A,R,L,S
MARRY,M,A,R,R,Y
MARSH,M,A,R,S,H
MARTS,M,A,R,T,S
MASER,M,A,S,E,R
MASHY,M,A,S,H,Y
MASKS,M,A,S,K,S
MASON,M,A,S,O,N
MASSE,M,A,S,S,E
MASTS,M,A,S,T,S
MATCH,M,A,T,C,H
MATED,M,A,T,E,D
MATER,M,A,T,E,R
MATES,M,A,T,E,S
MATEY,M,A,T,E,Y
MATHS,M,A,T,H,S
MATTE,M,A,T,T,E
MATZO,M,A,T,Z,O
MAULS,M,A,U,L,S
MAUVE,M,A,U,V,E
MAVEN,M,A,V,E,N
MAVIS,M,A,V,I,S
MAXIM,M,A,X,I,M
MAXIS,M,A,X,I,S
MAYBE,M,A,Y,B,E
MAYOR,M,A,Y,O,R
MAYST,M,A,Y,S,T
MAZED,M,A,Z,E,D
MAZER,M,A,Z,E,R
MAZES,M,A,Z,E,S
MEADS,M,E,A,D,S
MEALS,M,E,A,L,S
MEALY,M,E,A,L,Y
MEANS,M,E,A,N,S
MEANT,M,E,A,N,T
MEANY,M,E,A,N,Y
MEATS,M,E,A,T,S
MEATY,M,E,A,T,Y
MEBBE,M,E,B,B,E
MECCA,M,E,C,C,A
MECUM,M,E,C,U,M
MEDAL,M,E,D,A,L
MEDIA,M,E,D,I,A
MEDIC,M,E,D,I,C
MEETS,M,E,E,T,S
MELBA,M,E,L,B,A
MELDS,M,E,L,D,S
MELEE,M,E,L,E,E
MELON,M,E,L,O,N
MELTS,M,E,L,T,S
MEMES,M,E,M,E,S
MEMOS,M,E,M,O,S
MENDS,M,E,N,D,S
MENUS,M,E,N,U,S
MEOWS,M,E,O,W,S
MERCY,M,E,R,C,Y
MERGE,M,E,R,G,E
MERIT,M,E,R,I,T
MERRY,M,E,R,R,Y
MERSE,M,E,R,S,E
MESAS,M,E,S,A,S
MESNE,M,E,S,N,E
MESON,M,E,S,O,N
MESSY,M,E,S,S,Y
METAL,M,E,T,A,L
METED,M,E,T,E,D
METER,M,E,T,E,R
METES,M,E,T,E,S
METRE,M,E,T,R,E
METRO,M,E,T,R,O
MEWED,M,E,W,E,D
MEZZO,M,E,Z,Z,O
MIAOW,M,I,A,O,W
MICAS,M,I,C,A,S
MICKS,M,I,C,K,S
MICRO,M,I,C,R,O
MIDDY,M,I,D,D,Y
MIDIS,M,I,D,I,S
MIDST,M,I,D,S,T
MIENS,M,I,E,N,S
MIFFS,M,I,F,F,S
MIGHT,M,I,G,H,T
MIKED,M,I,K,E,D
MIKES,M,I,K,E,S
MILCH,M,I,L,C,H
MILER,M,I,L,E,R
MILES,M,I,L,E,S
MILKS,M,I,L,K,S
MILKY,M,I,L,K,Y
MILLS,M,I,L,L,S
MIMED,M,I,M,E,D
MIMEO,M,I,M,E,O
MIMER,M,I,M,E,R
MIMES,M,I,M,E,S
MIMIC,M,I,M,I,C
MIMSY,M,I,M,S,Y
MINAS,M,I,N,A,S
MINCE,M,I,N,C,E
MINDS,M,I,N,D,S
MINED,M,I,N,E,D
MINER,M,I,N,E,R
MINES,M,I,N,E,S
MINIM,M,I,N,I,M
MINIS,M,I,N,I,S
MINKS,M,I,N,K,S
MINOR,M,I,N,O,R
MINTS,M,I,N,T,S
MINUS,M,I,N,U,S
MIRED,M,I,R,E,D
MIRES,M,I,R,E,S
MIRTH,M,I,R,T,H
MISER,M,I,S,E,R
MISSY,M,I,S,S,Y
MISTS,M,I,S,T,S
MISTY,M,I,S,T,Y
MITER,M,I,T,E,R
MITES,M,I,T,E,S
MITRE,M,I,T,R,E
MITTS,M,I,T,T,S
MIXED,M,I,X,E,D
MIXER,M,I,X,E,R
MIXES,M,I,X,E,S
MIXUP,M,I,X,U,P
MOANS,M,O,A,N,S
MOATS,M,O,A,T,S
MOCHA,M,O,C,H,A
MOCKS,M,O,C,K,S
MODAL,M,O,D,A,L
MODEL,M,O,D,E,L
MODEM,M,O,D,E,M
MODES,M,O,D,E,S
MODUS,M,O,D,U,S
MOGUL,M,O,G,U,L
MOHEL,M,O,H,E,L
MOIRE,M,O,I,R,E
MOIST,M,O,I,S,T
MOLAL,M,O,L,A,L
MOLAR,M,O,L,A,R
MOLAS,M,O,L,A,S
MOLDS,M,O,L,D,S
MOLDY,M,O,L,D,Y
MOLES,M,O,L,E,S
MOLLS,M,O,L,L,S
MOLLY,M,O,L,L,Y
MOLTO,M,O,L,T,O
MOLTS,M,O,L,T,S
MOMMA,M,O,M,M,A
MOMMY,M,O,M,M,Y
MONAD,M,O,N,A,D
MONDO,M,O,N,D,O
MONEY,M,O,N,E,Y
MONIC,M,O,N,I,C
MONKS,M,O,N,K,S
MONTE,M,O,N,T,E
MONTH,M,O,N,T,H
MOOCH,M,O,O,C,H
MOODS,M,O,O,D,S
MOODY,M,O,O,D,Y
MOOED,M,O,O,E,D
MOOLA,M,O,O,L,A
MOONS,M,O,O,N,S
MOONY,M,O,O,N,Y
MOORS,M,O,O,R,S
MOOSE,M,O,O,S,E
MOOTS,M,O,O,T,S
MOPED,M,O,P,E,D
MOPER,M,O,P,E,R
MOPES,M,O,P,E,S
MORAL,M,O,R,A,L
MORAY,M,O,R,A,Y
MOREL,M,O,R,E,L
MORES,M,O,R,E,S
MORNS,M,O,R,N,S
MORON,M,O,R,O,N
MORPH,M,O,R,P,H
MORTS,M,O,R,T,S
MOSEY,M,O,S,E,Y
MOSSY,M,O,S,S,Y
MOSTS,M,O,S,T,S
MOTEL,M,O,T,E,L
MOTES,M,O,T,E,S
MOTET,M,O,T,E,T
MOTHS,M,O,T,H,S
MOTHY,M,O,T,H,Y
MOTIF,M,O,T,I,F
MOTOR,M,O,T,O,R
MOTTO,M,O,T,T,O
MOULD,M,O,U,L,D
MOULT,M,O,U,L,T
MOUND,M,O,U,N,D
MOUNT,M,O,U,N,T
MOURN,M,O,U,R,N
MOUSE,M,O,U,S,E
MOUSY,M,O,U,S,Y
MOUTH,M,O,U,T,H
MOVED,M,O,V,E,D
MOVER,M,O,V,E,R
MOVES,M,O,V,E,S
MOVIE,M,O,V,I,E
MOWED,M,O,W,E,D
MOWER,M,O,W,E,R
MOXIE,M,O,X,I,E
MRADS,M,R,A,D,S
MUCHO,M,U,C,H,O
MUCKS,M,U,C,K,S
MUCKY,M,U,C,K,Y
MUCUS,M,U,C,U,S
MUDDY,M,U,D,D,Y
MUFFS,M,U,F,F,S
MUFTI,M,U,F,T,I
MUGGY,M,U,G,G,Y
MUJIK,M,U,J,I,K
MULCH,M,U,L,C,H
MULCT,M,U,L,C,T
MULES,M,U,L,E,S
MULEY,M,U,L,E,Y
MULLS,M,U,L,L,S
MUMBO,M,U,M,B,O
MUMMY,M,U,M,M,Y
MUMPS,M,U,M,P,S
MUNCH,M,U,N,C,H
MUNGE,M,U,N,G,E
MUNGS,M,U,N,G,S
MUNGY,M,U,N,G,Y
MUONS,M,U,O,N,S
MURAL,M,U,R,A,L
MURKS,M,U,R,K,S
MURKY,M,U,R,K,Y
MUSED,M,U,S,E,D
MUSER,M,U,S,E,R
MUSES,M,U,S,E,S
MUSHY,M,U,S,H,Y
MUSIC,M,U,S,I,C
MUSKS,M,U,S,K,S
MUSKY,M,U,S,K,Y
MUSOS,M,U,S,O,S
MUSSY,M,U,S,S,Y
MUSTA,M,U,S,T,A
MUSTS,M,U,S,T,S
MUSTY,M,U,S,T,Y
MUTED,M,U,T,E,D
MUTER,M,U,T,E,R
MUTES,M,U,T,E,S
MUTTS,M,U,T,T,S
MUXES,M,U,X,E,S
MYLAR,M,Y,L,A,R
MYNAH,M,Y,N,A,H
MYNAS,M,Y,N,A,S
MYRRH,M,Y,R,R,H
MYTHS,M,Y,T,H,S
NABLA,N,A,B,L,A
NABOB,N,A,B,O,B
NACHO,N,A,C,H,O
NADIR,N,A,D,I,R
NAIAD,N,A,I,A,D
NAILS,N,A,I,L,S
NAIVE,N,A,I,V,E
NAKED,N,A,K,E,D
NAMED,N,A,M,E,D
NAMER,N,A,M,E,R
NAMES,N,A,M,E,S
NANNY,N,A,N,N,Y
NAPES,N,A,P,E,S
NAPPY,N,A,P,P,Y
NARCO,N,A,R,C,O
NARCS,N,A,R,C,S
NARDS,N,A,R,D,S
NARES,N,A,R,E,S
NASAL,N,A,S,A,L
NASTY,N,A,S,T,Y
NATAL,N,A,T,A,L
NATCH,N,A,T,C,H
NATES,N,A,T,E,S
NATTY,N,A,T,T,Y
NAVAL,N,A,V,A,L
NAVEL,N,A,V,E,L
NAVES,N,A,V,E,S
NEARS,N,E,A,R,S
NEATH,N,E,A,T,H
NEATO,N,E,A,T,O
NECKS,N,E,C,K,S
NEEDS,N,E,E,D,S
NEEDY,N,E,E,D,Y
NEGRO,N,E,G,R,O
NEIGH,N,E,I,G,H
NEONS,N,E,O,N,S
NERDS,N,E,R,D,S
NERDY,N,E,R,D,Y
NERFS,N,E,R,F,S
NERTS,N,E,R,T,S
NERVE,N,E,R,V,E
NERVY,N,E,R,V,Y
NESTS,N,E,S,T,S
NEVER,N,E,V,E,R
NEWEL,N,E,W,E,L
NEWER,N,E,W,E,R
NEWLY,N,E,W,L,Y
NEWSY,N,E,W,S,Y
NEWTS,N,E,W,T,S
NEXUS,N,E,X,U,S
NICAD,N,I,C,A,D
NICER,N,I,C,E,R
NICHE,N,I,C,H,E
NICKS,N,I,C,K,S
NIECE,N,I,E,C,E
NIFTY,N,I,F,T,Y
NIGHT,N,I,G,H,T
NIHIL,N,I,H,I,L
NIMBI,N,I,M,B,I
NINES,N,I,N,E,S
NINJA,N,I,N,J,A
NINNY,N,I,N,N,Y
NINTH,N,I,N,T,H
NIPPY,N,I,P,P,Y
NISEI,N,I,S,E,I
NITER,N,I,T,E,R
NITRO,N,I,T,R,O
NITTY,N,I,T,T,Y
NIXED,N,I,X,E,D
NIXES,N,I,X,E,S
NIXIE,N,I,X,I,E
NOBBY,N,O,B,B,Y
NOBLE,N,O,B,L,E
NOBLY,N,O,B,L,Y
NODAL,N,O,D,A,L
NODDY,N,O,D,D,Y
NODES,N,O,D,E,S
NOELS,N,O,E,L,S
NOHOW,N,O,H,O,W
NOIRE,N,O,I,R,E
NOISE,N,O,I,S,E
NOISY,N,O,I,S,Y
NOMAD,N,O,M,A,D
NONCE,N,O,N,C,E
NONES,N,O,N,E,S
NONNY,N,O,N,N,Y
NOOKS,N,O,O,K,S
NOOKY,N,O,O,K,Y
NOONS,N,O,O,N,S
NOOSE,N,O,O,S,E
NORMS,N,O,R,M,S
NORTH,N,O,R,T,H
NOSED,N,O,S,E,D
NOSES,N,O,S,E,S
NOSEY,N,O,S,E,Y
NOTCH,N,O,T,C,H
NOTED,N,O,T,E,D
NOTER,N,O,T,E,R
NOTES,N,O,T,E,S
NOUNS,N,O,U,N,S
NOVAE,N,O,V,A,E
NOVAS,N,O,V,A,S
NOVEL,N,O,V,E,L
NOWAY,N,O,W,A,Y
NUDER,N,U,D,E,R
NUDES,N,U,D,E,S
NUDGE,N,U,D,G,E
NUDIE,N,U,D,I,E
NUKED,N,U,K,E,D
NUKES,N,U,K,E,S
NULLS,N,U,L,L,S
NUMBS,N,U,M,B,S
NURBS,N,U,R,B,S
NURSE,N,U,R,S,E
NUTSY,N,U,T,S,Y
NUTTY,N,U,T,T,Y
NYLON,N,Y,L,O,N
NYMPH,N,Y,M,P,H
OAKEN,O,A,K,E,N
OAKUM,O,A,K,U,M
OARED,O,A,R,E,D
OASES,O,A,S,E,S
OASIS,O,A,S,I,S
OATEN,O,A,T,E,N
OATHS,O,A,T,H,S
OBEAH,O,B,E,A,H
OBESE,O,B,E,S,E
OBEYS,O,B,E,Y,S
OBITS,O,B,I,T,S
OBOES,O,B,O,E,S
OCCUR,O,C,C,U,R
OCEAN,O,C,E,A,N
OCHER,O,C,H,E,R
OCHRE,O,C,H,R,E
OCTAL,O,C,T,A,L
OCTET,O,C,T,E,T
ODDER,O,D,D,E,R
ODDLY,O,D,D,L,Y
ODIUM,O,D,I,U,M
ODORS,O,D,O,R,S
ODOUR,O,D,O,U,R
OFFAL,O,F,F,A,L
OFFED,O,F,F,E,D
OFFEN,O,F,F,E,N
OFFER,O,F,F,E,R
OFTEN,O,F,T,E,N
OGLED,O,G,L,E,D
OGLER,O,G,L,E,R
OGLES,O,G,L,E,S
OGRES,O,G,R,E,S
OHHHH,O,H,H,H,H
OHMIC,O,H,M,I,C
OILED,O,I,L,E,D
OILER,O,I,L,E,R
OINKS,O,I,N,K,S
OINKY,O,I,N,K,Y
OKAPI,O,K,A,P,I
OKAYS,O,K,A,Y,S
OKRAS,O,K,R,A,S
OLDEN,O,L,D,E,N
OLDER,O,L,D,E,R
OLDIE,O,L,D,I,E
OLEOS,O,L,E,O,S
OLIOS,O,L,I,O,S
OLIVE,O,L,I,V,E
OMBRE,O,M,B,R,E
OMEGA,O,M,E,G,A
OMENS,O,M,E,N,S
OMITS,O,M,I,T,S
ONCET,O,N,C,E,T
ONION,O,N,I,O,N
ONSET,O,N,S,E,T
OODLE,O,O,D,L,E
OOMPH,O,O,M,P,H
OOZED,O,O,Z,E,D
OOZES,O,O,Z,E,S
OPALS,O,P,A,L,S
OPENS,O,P,E,N,S
OPERA,O,P,E,R,A
OPINE,O,P,I,N,E
OPIUM,O,P,I,U,M
OPTED,O,P,T,E,D
OPTIC,O,P,T,I,C
ORALS,O,R,A,L,S
ORATE,O,R,A,T,E
ORBED,O,R,B,E,D
ORBIT,O,R,B,I,T
ORCAS,O,R,C,A,S
ORDER,O,R,D,E,R
ORGAN,O,R,G,A,N
ORING,O,R,I,N,G
ORLON,O,R,L,O,N
ORTHO,O,R,T,H,O
OSIER,O,S,I,E,R
OTHER,O,T,H,E,R
OTTER,O,T,T,E,R
OUGHT,O,U,G,H,T
OUIJA,O,U,I,J,A
OUNCE,O,U,N,C,E
OUSEL,O,U,S,E,L
OUSTS,O,U,S,T,S
OUTDO,O,U,T,D,O
OUTEN,O,U,T,E,N
OUTER,O,U,T,E,R
OUTGO,O,U,T,G,O
OUTTA,O,U,T,T,A
OUZEL,O,U,Z,E,L
OVALS,O,V,A,L,S
OVARY,O,V,A,R,Y
OVATE,O,V,A,T,E
OVENS,O,V,E,N,S
OVERS,O,V,E,R,S
OVERT,O,V,E,R,T
OVOID,O,V,O,I,D
OVULE,O,V,U,L,E
OWEST,O,W,E,S,T
OWETH,O,W,E,T,H
OWING,O,W,I,N,G
OWLET,O,W,L,E,T
OWNED,O,W,N,E,D
OWNER,O,W,N,E,R
OXBOW,O,X,B,O,W
OXEYE,O,X,E,Y,E
OXIDE,O,X,I,D,E
OXLIP,O,X,L,I,P
OZONE,O,Z,O,N,E
PACED,P,A,C,E,D
PACER,P,A,C,E,R
PACES,P,A,C,E,S
PACKS,P,A,C,K,S
PACTS,P,A,C,T,S
PADDY,P,A,D,D,Y
PADRE,P,A,D,R,E
PAEAN,P,A,E,A,N
PAGAN,P,A,G,A,N
PAGED,P,A,G,E,D
PAGER,P,A,G,E,R
PAGES,P,A,G,E,S
PAILS,P,A,I,L,S
PAINS,P,A,I,N,S
PAINT,P,A,I,N,T
PAIRS,P,A,I,R,S
PALED,P,A,L,E,D
PALER,P,A,L,E,R
PALES,P,A,L,E,S
PALLS,P,A,L,L,S
PALLY,P,A,L,L,Y
PALMS,P,A,L,M,S
PALMY,P,A,L,M,Y
PALSY,P,A,L,S,Y
PAMPA,P,A,M,P,A
PANDA,P,A,N,D,A
PANED,P,A,N,E,D
PANEL,P,A,N,E,L
PANES,P,A,N,E,S
PANGA,P,A,N,G,A
PANGS,P,A,N,G,S
PANIC,P,A,N,I,C
PANSY,P,A,N,S,Y
PANTS,P,A,N,T,S
PANTY,P,A,N,T,Y
PAPAL,P,A,P,A,L
PAPAS,P,A,P,A,S
PAPAW,P,A,P,A,W
PAPER,P,A,P,E,R
PAPPY,P,A,P,P,Y
PARAS,P,A,R,A,S
PARCH,P,A,R,C,H
PARDS,P,A,R,D,S
PARED,P,A,R,E,D
PAREN,P,A,R,E,N
PARER,P,A,R,E,R
PARES,P,A,R,E,S
PARKA,P,A,R,K,A
PARKS,P,A,R,K,S
PARRY,P,A,R,R,Y
PARSE,P,A,R,S,E
PARTS,P,A,R,T,S
PARTY,P,A,R,T,Y
PASHA,P,A,S,H,A
PASSE,P,A,S,S,E
PASTA,P,A,S,T,A
PASTE,P,A,S,T,E
PASTS,P,A,S,T,S
PASTY,P,A,S,T,Y
PATCH,P,A,T,C,H
PATEN,P,A,T,E,N
PATER,P,A,T,E,R
PATES,P,A,T,E,S
PATHS,P,A,T,H,S
PATIO,P,A,T,I,O
PATSY,P,A,T,S,Y
PATTY,P,A,T,T,Y
PAUSE,P,A,U,S,E
PAVAN,P,A,V,A,N
PAVED,P,A,V,E,D
PAVER,P,A,V,E,R
PAVES,P,A,V,E,S
PAWED,P,A,W,E,D
PAWER,P,A,W,E,R
PAWKY,P,A,W,K,Y
PAWLS,P,A,W,L,S
PAWNS,P,A,W,N,S
PAYED,P,A,Y,E,D
PAYEE,P,A,Y,E,E
PAYER,P,A,Y,E,R
PEACE,P,E,A,C,E
PEACH,P,E,A,C,H
PEAKS,P,E,A,K,S
PEAKY,P,E,A,K,Y
PEALS,P,E,A,L,S
PEARL,P,E,A,R,L
PEARS,P,E,A,R,S
PEASE,P,E,A,S,E
PEATS,P,E,A,T,S
PEATY,P,E,A,T,Y
PECAN,P,E,C,A,N
PECKS,P,E,C,K,S
PEDAL,P,E,D,A,L
PEEKS,P,E,E,K,S
PEELS,P,E,E,L,S
PEENS,P,E,E,N,S
PEEPS,P,E,E,P,S
PEERS,P,E,E,R,S
PEEVE,P,E,E,V,E
PEKOE,P,E,K,O,E
PELTS,P,E,L,T,S
PENAL,P,E,N,A,L
PENCE,P,E,N,C,E
PENDS,P,E,N,D,S
PENES,P,E,N,E,S
PENGO,P,E,N,G,O
PENIS,P,E,N,I,S
PENNY,P,E,N,N,Y
PEONS,P,E,O,N,S
PEONY,P,E,O,N,Y
PEPPY,P,E,P,P,Y
PERCH,P,E,R,C,H
PERDU,P,E,R,D,U
PERIL,P,E,R,I,L
PERKS,P,E,R,K,S
PERKY,P,E,R,K,Y
PERMS,P,E,R,M,S
PESKY,P,E,S,K,Y
PESOS,P,E,S,O,S
PESTO,P,E,S,T,O
PESTS,P,E,S,T,S
PETAL,P,E,T,A,L
PETER,P,E,T,E,R
PETIT,P,E,T,I,T
PETRI,P,E,T,R,I
PETTY,P,E,T,T,Y
PEWEE,P,E,W,E,E
PEWIT,P,E,W,I,T
PFFFT,P,F,F,F,T
PHAGE,P,H,A,G,E
PHASE,P,H,A,S,E
PHIAL,P,H,I,A,L
PHLOX,P,H,L,O,X
PHONE,P,H,O,N,E
PHONY,P,H,O,N,Y
PHOTO,P,H,O,T,O
PHYLA,P,H,Y,L,A
PIANO,P,I,A,N,O
PICAS,P,I,C,A,S
PICKS,P,I,C,K,S
PICKY,P,I,C,K,Y
PICOT,P,I,C,O,T
PIECE,P,I,E,C,E
PIERS,P,I,E,R,S
PIETA,P,I,E,T,A
PIETY,P,I,E,T,Y
PIGGY,P,I,G,G,Y
PIGMY,P,I,G,M,Y
PIING,P,I,I,N,G
PIKER,P,I,K,E,R
PIKES,P,I,K,E,S
PILAF,P,I,L,A,F
PILAU,P,I,L,A,U
PILED,P,I,L,E,D
PILES,P,I,L,E,S
PILLS,P,I,L,L,S
PILOT,P,I,L,O,T
PIMPS,P,I,M,P,S
PINCH,P,I,N,C,H
PINED,P,I,N,E,D
PINES,P,I,N,E,S
PINEY,P,I,N,E,Y
PINGS,P,I,N,G,S
PINKO,P,I,N,K,O
PINKS,P,I,N,K,S
PINKY,P,I,N,K,Y
PINTO,P,I,N,T,O
PINTS,P,I,N,T,S
PINUP,P,I,N,U,P
PIONS,P,I,O,N,S
PIOUS,P,I,O,U,S
PIPED,P,I,P,E,D
PIPER,P,I,P,E,R
PIPES,P,I,P,E,S
PIPET,P,I,P,E,T
PIQUE,P,I,Q,U,E
PISMO,P,I,S,M,O
PITAS,P,I,T,A,S
PITCH,P,I,T,C,H
PITHS,P,I,T,H,S
PITHY,P,I,T,H,Y
PITON,P,I,T,O,N
PIVOT,P,I,V,O,T
PIXEL,P,I,X,E,L
PIXIE,P,I,X,I,E
PIZZA,P,I,Z,Z,A
PLACE,P,L,A,C,E
PLAID,P,L,A,I,D
PLAIN,P,L,A,I,N
PLAIT,P,L,A,I,T
PLANE,P,L,A,N,E
PLANK,P,L,A,N,K
PLANS,P,L,A,N,S
PLANT,P,L,A,N,T
PLASH,P,L,A,S,H
PLASM,P,L,A,S,M
PLATE,P,L,A,T,E
PLATS,P,L,A,T,S
PLAYA,P,L,A,Y,A
PLAYS,P,L,A,Y,S
PLAZA,P,L,A,Z,A
PLEAD,P,L,E,A,D
PLEAS,P,L,E,A,S
PLEAT,P,L,E,A,T
PLEBE,P,L,E,B,E
PLEBS,P,L,E,B,S
PLEIN,P,L,E,I,N
PLENA,P,L,E,N,A
PLIED,P,L,I,E,D
PLIES,P,L,I,E,S
PLINK,P,L,I,N,K
PLODS,P,L,O,D,S
PLONK,P,L,O,N,K
PLOPS,P,L,O,P,S
PLOTS,P,L,O,T,S
PLOWS,P,L,O,W,S
PLOYS,P,L,O,Y,S
PLUCK,P,L,U,C,K
PLUGS,P,L,U,G,S
PLUMB,P,L,U,M,B
PLUME,P,L,U,M,E
PLUMP,P,L,U,M,P
PLUMS,P,L,U,M,S
PLUMY,P,L,U,M,Y
PLUNK,P,L,U,N,K
PLUSH,P,L,U,S,H
PLYER,P,L,Y,E,R
POACH,P,O,A,C,H
POCKS,P,O,C,K,S
POCKY,P,O,C,K,Y
PODGY,P,O,D,G,Y
PODIA,P,O,D,I,A
POEMS,P,O,E,M,S
POESY,P,O,E,S,Y
POETS,P,O,E,T,S
POINT,P,O,I,N,T
POISE,P,O,I,S,E
POKED,P,O,K,E,D
POKER,P,O,K,E,R
POKES,P,O,K,E,S
POKEY,P,O,K,E,Y
POLAR,P,O,L,A,R
POLED,P,O,L,E,D
POLER,P,O,L,E,R
POLES,P,O,L,E,S
POLIO,P,O,L,I,O
POLIS,P,O,L,I,S
POLKA,P,O,L,K,A
POLLS,P,O,L,L,S
POLLY,P,O,L,L,Y
POLOS,P,O,L,O,S
POLYP,P,O,L,Y,P
POMPS,P,O,M,P,S
PONDS,P,O,N,D,S
PONES,P,O,N,E,S
POOCH,P,O,O,C,H
POOEY,P,O,O,E,Y
POOHS,P,O,O,H,S
POOLS,P,O,O,L,S
POOPS,P,O,O,P,S
POPES,P,O,P,E,S
POPPY,P,O,P,P,Y
PORCH,P,O,R,C,H
PORED,P,O,R,E,D
PORES,P,O,R,E,S
PORGY,P,O,R,G,Y
PORKS,P,O,R,K,S
PORKY,P,O,R,K,Y
PORNO,P,O,R,N,O
PORTS,P,O,R,T,S
POSED,P,O,S,E,D
POSER,P,O,S,E,R
POSES,P,O,S,E,S
POSET,P,O,S,E,T
POSIT,P,O,S,I,T
POSSE,P,O,S,S,E
POSTE,P,O,S,T,E
POSTS,P,O,S,T,S
POTTY,P,O,T,T,Y
POUCH,P,O,U,C,H
POUFS,P,O,U,F,S
POUND,P,O,U,N,D
POURS,P,O,U,R,S
POUTS,P,O,U,T,S
POWER,P,O,W,E,R
POXED,P,O,X,E,D
POXES,P,O,X,E,S
PRAMS,P,R,A,M,S
PRANK,P,R,A,N,K
PRATE,P,R,A,T,E
PRATS,P,R,A,T,S
PRAWN,P,R,A,W,N
PRAYS,P,R,A,Y,S
PREEN,P,R,E,E,N
PREPS,P,R,E,P,S
PRESS,P,R,E,S,S
PREST,P,R,E,S,T
PREXY,P,R,E,X,Y
PREYS,P,R,E,Y,S
PRICE,P,R,I,C,E
PRICK,P,R,I,C,K
PRIDE,P,R,I,D,E
PRIED,P,R,I,E,D
PRIER,P,R,I,E,R
PRIES,P,R,I,E,S
PRIGS,P,R,I,G,S
PRIMA,P,R,I,M,A
PRIME,P,R,I,M,E
PRIMO,P,R,I,M,O
PRIMP,P,R,I,M,P
PRIMS,P,R,I,M,S
PRINK,P,R,I,N,K
PRINT,P,R,I,N,T
PRIOR,P,R,I,O,R
PRISE,P,R,I,S,E
PRISM,P,R,I,S,M
PRIVY,P,R,I,V,Y
PRIZE,P,R,I,Z,E
PROBE,P,R,O,B,E
PRODS,P,R,O,D,S
PROEM,P,R,O,E,M
PROFS,P,R,O,F,S
PROMO,P,R,O,M,O
PROMS,P,R,O,M,S
PRONE,P,R,O,N,E
PRONG,P,R,O,N,G
PROOF,P,R,O,O,F
PROPS,P,R,O,P,S
PROSE,P,R,O,S,E
PROSY,P,R,O,S,Y
PROUD,P,R,O,U,D
PROVE,P,R,O,V,E
PROWL,P,R,O,W,L
PROWS,P,R,O,W,S
PROXY,P,R,O,X,Y
PRUDE,P,R,U,D,E
PRUNE,P,R,U,N,E
PRUTA,P,R,U,T,A
PRYER,P,R,Y,E,R
PSALM,P,S,A,L,M
PSEUD,P,S,E,U,D
PSHAW,P,S,H,A,W
PSOAS,P,S,O,A,S
PSSST,P,S,S,S,T
PSYCH,P,S,Y,C,H
PUBES,P,U,B,E,S
PUBIC,P,U,B,I,C
PUBIS,P,U,B,I,S
PUCKS,P,U,C,K,S
PUDGY,P,U,D,G,Y
PUFFS,P,U,F,F,S
PUFFY,P,U,F,F,Y
PUKED,P,U,K,E,D
PUKES,P,U,K,E,S
PUKKA,P,U,K,K,A
PULLS,P,U,L,L,S
PULPS,P,U,L,P,S
PULPY,P,U,L,P,Y
PULSE,P,U,L,S,E
PUMAS,P,U,M,A,S
PUMPS,P,U,M,P,S
PUNCH,P,U,N,C,H
PUNKS,P,U,N,K,S
PUNKY,P,U,N,K,Y
PUNNY,P,U,N,N,Y
PUNTS,P,U,N,T,S
PUPAE,P,U,P,A,E
PUPAL,P,U,P,A,L
PUPAS,P,U,P,A,S
PUPIL,P,U,P,I,L
PUPPY,P,U,P,P,Y
PUREE,P,U,R,E,E
PURER,P,U,R,E,R
PURGE,P,U,R,G,E
PURLS,P,U,R,L,S
PURRS,P,U,R,R,S
PURSE,P,U,R,S,E
PURTY,P,U,R,T,Y
PUSHY,P,U,S,H,Y
PUSSY,P,U,S,S,Y
PUTTS,P,U,T,T,S
PUTTY,P,U,T,T,Y
PYGMY,P,Y,G,M,Y
PYLON,P,Y,L,O,N
PYRES,P,Y,R,E,S
PYXIE,P,Y,X,I,E
QOPHS,Q,O,P,H,S
QUACK,Q,U,A,C,K
QUADS,Q,U,A,D,S
QUAFF,Q,U,A,F,F
QUAIL,Q,U,A,I,L
QUAIS,Q,U,A,I,S
QUAKE,Q,U,A,K,E
QUALM,Q,U,A,L,M
QUALS,Q,U,A,L,S
QUARK,Q,U,A,R,K
QUART,Q,U,A,R,T
QUASH,Q,U,A,S,H
QUASI,Q,U,A,S,I
QUAYS,Q,U,A,Y,S
QUEEN,Q,U,E,E,N
QUEER,Q,U,E,E,R
QUELL,Q,U,E,L,L
QUERY,Q,U,E,R,Y
QUEST,Q,U,E,S,T
QUEUE,Q,U,E,U,E
QUICK,Q,U,I,C,K
QUIDS,Q,U,I,D,S
QUIET,Q,U,I,E,T
QUIFF,Q,U,I,F,F
QUILL,Q,U,I,L,L
QUILT,Q,U,I,L,T
QUINT,Q,U,I,N,T
QUIPS,Q,U,I,P,S
QUIPU,Q,U,I,P,U
QUIRE,Q,U,I,R,E
QUIRK,Q,U,I,R,K
QUIRT,Q,U,I,R,T
QUITE,Q,U,I,T,E
QUITS,Q,U,I,T,S
QUOIN,Q,U,O,I,N
QUOIT,Q,U,O,I,T
QUOTA,Q,U,O,T,A
QUOTE,Q,U,O,T,E
QUOTH,Q,U,O,T,H
RABBI,R,A,B,B,I
RABID,R,A,B,I,D
RACED,R,A,C,E,D
RACER,R,A,C,E,R
RACES,R,A,C,E,S
RACKS,R,A,C,K,S
RADAR,R,A,D,A,R
RADII,R,A,D,I,I
RADIO,R,A,D,I,O
RADIX,R,A,D,I,X
RADON,R,A,D,O,N
RAFTS,R,A,F,T,S
RAGED,R,A,G,E,D
RAGES,R,A,G,E,S
RAIDS,R,A,I,D,S
RAILS,R,A,I,L,S
RAINS,R,A,I,N,S
RAINY,R,A,I,N,Y
RAISE,R,A,I,S,E
RAJAH,R,A,J,A,H
RAJAS,R,A,J,A,S
RAKED,R,A,K,E,D
RAKER,R,A,K,E,R
RAKES,R,A,K,E,S
RALLY,R,A,L,L,Y
RAMPS,R,A,M,P,S
RANCH,R,A,N,C,H
RANDS,R,A,N,D,S
RANDY,R,A,N,D,Y
RANGE,R,A,N,G,E
RANGY,R,A,N,G,Y
RANKS,R,A,N,K,S
RANTS,R,A,N,T,S
RAPED,R,A,P,E,D
RAPER,R,A,P,E,R
RAPES,R,A,P,E,S
RAPID,R,A,P,I,D
RARER,R,A,R,E,R
RASAE,R,A,S,A,E
RASPS,R,A,S,P,S
RASPY,R,A,S,P,Y
RATED,R,A,T,E,D
RATER,R,A,T,E,R
RATES,R,A,T,E,S
RATHS,R,A,T,H,S
RATIO,R,A,T,I,O
RATTY,R,A,T,T,Y
RAVED,R,A,V,E,D
RAVEL,R,A,V,E,L
RAVEN,R,A,V,E,N
RAVER,R,A,V,E,R
RAVES,R,A,V,E,S
RAWER,R,A,W,E,R
RAWLY,R,A,W,L,Y
RAYED,R,A,Y,E,D
RAYON,R,A,Y,O,N
RAZED,R,A,Z,E,D
RAZER,R,A,Z,E,R
RAZES,R,A,Z,E,S
RAZOR,R,A,Z,O,R
REACH,R,E,A,C,H
REACT,R,E,A,C,T
READS,R,E,A,D,S
READY,R,E,A,D,Y
REALM,R,E,A,L,M
REALS,R,E,A,L,S
REAMS,R,E,A,M,S
REAPS,R,E,A,P,S
REARM,R,E,A,R,M
REARS,R,E,A,R,S
REBAR,R,E,B,A,R
REBEL,R,E,B,E,L
REBID,R,E,B,I,D
REBOX,R,E,B,O,X
REBUS,R,E,B,U,S
REBUT,R,E,B,U,T
RECAP,R,E,C,A,P
RECTA,R,E,C,T,A
RECTO,R,E,C,T,O
RECUR,R,E,C,U,R
RECUT,R,E,C,U,T
REDID,R,E,D,I,D
REDIP,R,E,D,I,P
REDLY,R,E,D,L,Y
REDOX,R,E,D,O,X
REDUX,R,E,D,U,X
REEDS,R,E,E,D,S
REEDY,R,E,E,D,Y
REEFS,R,E,E,F,S
REEKS,R,E,E,K,S
REEKY,R,E,E,K,Y
REELS,R,E,E,L,S
REEVE,R,E,E,V,E
REFER,R,E,F,E,R
REFIT,R,E,F,I,T
REFIX,R,E,F,I,X
REFLY,R,E,F,L,Y
REFRY,R,E,F,R,Y
REGAL,R,E,G,A,L
REHAB,R,E,H,A,B
REIFY,R,E,I,F,Y
REIGN,R,E,I,G,N
REINS,R,E,I,N,S
RELAX,R,E,L,A,X
RELAY,R,E,L,A,Y
RELET,R,E,L,E,T
RELIC,R,E,L,I,C
REMAN,R,E,M,A,N
REMAP,R,E,M,A,P
REMIT,R,E,M,I,T
REMIX,R,E,M,I,X
RENAL,R,E,N,A,L
RENDS,R,E,N,D,S
RENEW,R,E,N,E,W
RENTE,R,E,N,T,E
RENTS,R,E,N,T,S
REPAY,R,E,P,A,Y
REPEL,R,E,P,E,L
REPLY,R,E,P,L,Y
REPRO,R,E,P,R,O
RERAN,R,E,R,A,N
RERUN,R,E,R,U,N
RESAW,R,E,S,A,W
RESAY,R,E,S,A,Y
RESET,R,E,S,E,T
RESEW,R,E,S,E,W
RESIN,R,E,S,I,N
RESTS,R,E,S,T,S
RETCH,R,E,T,C,H
RETRO,R,E,T,R,O
RETRY,R,E,T,R,Y
REUSE,R,E,U,S,E
REVEL,R,E,V,E,L
REVET,R,E,V,E,T
REVUE,R,E,V,U,E
REWED,R,E,W,E,D
RHEAS,R,H,E,A,S
RHEUM,R,H,E,U,M
RHINO,R,H,I,N,O
RHUMB,R,H,U,M,B
RHYME,R,H,Y,M,E
RIALS,R,I,A,L,S
RIBBY,R,I,B,B,Y
RICED,R,I,C,E,D
RICER,R,I,C,E,R
RICES,R,I,C,E,S
RIDER,R,I,D,E,R
RIDES,R,I,D,E,S
RIDGE,R,I,D,G,E
RIDGY,R,I,D,G,Y
RIFER,R,I,F,E,R
RIFLE,R,I,F,L,E
RIFTS,R,I,F,T,S
RIGHT,R,I,G,H,T
RIGID,R,I,G,I,D
RIGOR,R,I,G,O,R
RILED,R,I,L,E,D
RILES,R,I,L,E,S
RILLE,R,I,L,L,E
RILLS,R,I,L,L,S
RIMED,R,I,M,E,D
RIMER,R,I,M,E,R
RIMES,R,I,M,E,S
RINDS,R,I,N,D,S
RINGS,R,I,N,G,S
RINKS,R,I,N,K,S
RINSE,R,I,N,S,E
RIOTS,R,I,O,T,S
RIPEN,R,I,P,E,N
RIPER,R,I,P,E,R
RISEN,R,I,S,E,N
RISER,R,I,S,E,R
RISES,R,I,S,E,S
RISKS,R,I,S,K,S
RISKY,R,I,S,K,Y
RITES,R,I,T,E,S
RITZY,R,I,T,Z,Y
RIVAL,R,I,V,A,L
RIVED,R,I,V,E,D
RIVEN,R,I,V,E,N
RIVER,R,I,V,E,R
RIVES,R,I,V,E,S
RIVET,R,I,V,E,T
ROACH,R,O,A,C,H
ROADS,R,O,A,D,S
ROAMS,R,O,A,M,S
ROANS,R,O,A,N,S
ROARS,R,O,A,R,S
ROAST,R,O,A,S,T
ROBED,R,O,B,E,D
ROBES,R,O,B,E,S
ROBIN,R,O,B,I,N
ROBLE,R,O,B,L,E
ROBOT,R,O,B,O,T
ROCKS,R,O,C,K,S
ROCKY,R,O,C,K,Y
RODEO,R,O,D,E,O
ROGER,R,O,G,E,R
ROGUE,R,O,G,U,E
ROIDS,R,O,I,D,S
ROILS,R,O,I,L,S
ROILY,R,O,I,L,Y
ROLES,R,O,L,E,S
ROLLS,R,O,L,L,S
ROMAN,R,O,M,A,N
ROMPS,R,O,M,P,S
RONDO,R,O,N,D,O
ROODS,R,O,O,D,S
ROOFS,R,O,O,F,S
ROOKS,R,O,O,K,S
ROOKY,R,O,O,K,Y
ROOMS,R,O,O,M,S
ROOMY,R,O,O,M,Y
ROOST,R,O,O,S,T
ROOTS,R,O,O,T,S
ROOTY,R,O,O,T,Y
ROPED,R,O,P,E,D
ROPER,R,O,P,E,R
ROPES,R,O,P,E,S
ROSES,R,O,S,E,S
ROSIN,R,O,S,I,N
ROTOR,R,O,T,O,R
ROUGE,R,O,U,G,E
ROUGH,R,O,U,G,H
ROUND,R,O,U,N,D
ROUSE,R,O,U,S,E
ROUST,R,O,U,S,T
ROUTE,R,O,U,T,E
ROUTS,R,O,U,T,S
ROVED,R,O,V,E,D
ROVER,R,O,V,E,R
ROVES,R,O,V,E,S
ROWAN,R,O,W,A,N
ROWDY,R,O,W,D,Y
ROWED,R,O,W,E,D
ROWER,R,O,W,E,R
ROYAL,R,O,Y,A,L
RUBES,R,U,B,E,S
RUBLE,R,U,B,L,E
RUCHE,R,U,C,H,E
RUDDY,R,U,D,D,Y
RUDER,R,U,D,E,R
RUFFS,R,U,F,F,S
RUGBY,R,U,G,B,Y
RUING,R,U,I,N,G
RUINS,R,U,I,N,S
RULED,R,U,L,E,D
RULER,R,U,L,E,R
RULES,R,U,L,E,S
RUMBA,R,U,M,B,A
RUMEN,R,U,M,E,N
RUMMY,R,U,M,M,Y
RUMOR,R,U,M,O,R
RUMPS,R,U,M,P,S
RUNES,R,U,N,E,S
RUNGS,R,U,N,G,S
RUNIC,R,U,N,I,C
RUNNY,R,U,N,N,Y
RUNTS,R,U,N,T,S
RUNTY,R,U,N,T,Y
RUPEE,R,U,P,E,E
RURAL,R,U,R,A,L
RUSES,R,U,S,E,S
RUSKS,R,U,S,K,S
RUSSE,R,U,S,S,E
RUSTS,R,U,S,T,S
RUSTY,R,U,S,T,Y
RUTTY,R,U,T,T,Y
SABER,S,A,B,E,R
SABLE,S,A,B,L,E
SABRA,S,A,B,R,A
SABRE,S,A,B,R,E
SACKS,S,A,C,K,S
SADLY,S,A,D,L,Y
SAFER,S,A,F,E,R
SAFES,S,A,F,E,S
SAGAS,S,A,G,A,S
SAGER,S,A,G,E,R
SAGES,S,A,G,E,S
SAHIB,S,A,H,I,B
SAILS,S,A,I,L,S
SAINT,S,A,I,N,T
SAITH,S,A,I,T,H
SAKES,S,A,K,E,S
SALAD,S,A,L,A,D
SALES,S,A,L,E,S
SALLY,S,A,L,L,Y
SALON,S,A,L,O,N
SALSA,S,A,L,S,A
SALTS,S,A,L,T,S
SALTY,S,A,L,T,Y
SALVE,S,A,L,V,E
SALVO,S,A,L,V,O
SAMBA,S,A,M,B,A
SANDS,S,A,N,D,S
SANDY,S,A,N,D,Y
SANER,S,A,N,E,R
SAPPY,S,A,P,P,Y
SARAN,S,A,R,A,N
SARGE,S,A,R,G,E
SARIS,S,A,R,I,S
SASSY,S,A,S,S,Y
SATED,S,A,T,E,D
SATES,S,A,T,E,S
SATIN,S,A,T,I,N
SATYR,S,A,T,Y,R
SAUCE,S,A,U,C,E
SAUCY,S,A,U,C,Y
SAUNA,S,A,U,N,A
SAUTE,S,A,U,T,E
SAVED,S,A,V,E,D
SAVER,S,A,V,E,R
SAVES,S,A,V,E,S
SAVOR,S,A,V,O,R
SAVVY,S,A,V,V,Y
SAWED,S,A,W,E,D
SAWER,S,A,W,E,R
SAXES,S,A,X,E,S
SAYER,S,A,Y,E,R
SCABS,S,C,A,B,S
SCADS,S,C,A,D,S
SCALD,S,C,A,L,D
SCALE,S,C,A,L,E
SCALP,S,C,A,L,P
SCALY,S,C,A,L,Y
SCAMP,S,C,A,M,P
SCAMS,S,C,A,M,S
SCANS,S,C,A,N,S
SCANT,S,C,A,N,T
SCARE,S,C,A,R,E
SCARF,S,C,A,R,F
SCARP,S,C,A,R,P
SCARS,S,C,A,R,S
SCARY,S,C,A,R,Y
SCATS,S,C,A,T,S
SCENE,S,C,E,N,E
SCENT,S,C,E,N,T
SCHMO,S,C,H,M,O
SCHWA,S,C,H,W,A
SCION,S,C,I,O,N
SCOFF,S,C,O,F,F
SCOLD,S,C,O,L,D
SCONE,S,C,O,N,E
SCOOP,S,C,O,O,P
SCOOT,S,C,O,O,T
SCOPE,S,C,O,P,E
SCOPS,S,C,O,P,S
SCORE,S,C,O,R,E
SCORN,S,C,O,R,N
SCOUR,S,C,O,U,R
SCOUT,S,C,O,U,T
SCOWL,S,C,O,W,L
SCOWS,S,C,O,W,S
SCRAM,S,C,R,A,M
SCRAP,S,C,R,A,P
SCREW,S,C,R,E,W
SCRIM,S,C,R,I,M
SCRIP,S,C,R,I,P
SCROD,S,C,R,O,D
SCRUB,S,C,R,U,B
SCRUM,S,C,R,U,M
SCUBA,S,C,U,B,A
SCUDI,S,C,U,D,I
SCUDO,S,C,U,D,O
SCUDS,S,C,U,D,S
SCUFF,S,C,U,F,F
SCULL,S,C,U,L,L
SCUMS,S,C,U,M,S
SCURF,S,C,U,R,F
SCUSE,S,C,U,S,E
SCUZZ,S,C,U,Z,Z
SEALS,S,E,A,L,S
SEAMS,S,E,A,M,S
SEAMY,S,E,A,M,Y
SEARS,S,E,A,R,S
SEATS,S,E,A,T,S
SEBUM,S,E,B,U,M
SECCO,S,E,C,C,O
SECTS,S,E,C,T,S
SEDAN,S,E,D,A,N
SEDER,S,E,D,E,R
SEDGE,S,E,D,G,E
SEDGY,S,E,D,G,Y
SEDUM,S,E,D,U,M
SEEDS,S,E,E,D,S
SEEDY,S,E,E,D,Y
SEEKS,S,E,E,K,S
SEEMS,S,E,E,M,S
SEEPS,S,E,E,P,S
SEERS,S,E,E,R,S
SEEST,S,E,E,S,T
SEETH,S,E,E,T,H
SEGUE,S,E,G,U,E
SEINE,S,E,I,N,E
SEIZE,S,E,I,Z,E
SELAH,S,E,L,A,H
SELFS,S,E,L,F,S
SELLS,S,E,L,L,S
SEMEN,S,E,M,E,N
SEMIS,S,E,M,I,S
SENDS,S,E,N,D,S
SENSE,S,E,N,S,E
SEPAL,S,E,P,A,L
SEPIA,S,E,P,I,A
SEPOY,S,E,P,O,Y
SEPTA,S,E,P,T,A
SERFS,S,E,R,F,S
SERGE,S,E,R,G,E
SERIF,S,E,R,I,F
SERUM,S,E,R,U,M
SERVE,S,E,R,V,E
SERVO,S,E,R,V,O
SETUP,S,E,T,U,P
SEVEN,S,E,V,E,N
SEVER,S,E,V,E,R
SEWED,S,E,W,E,D
SEWER,S,E,W,E,R
SEXED,S,E,X,E,D
SEXES,S,E,X,E,S
SHACK,S,H,A,C,K
SHADE,S,H,A,D,E
SHADS,S,H,A,D,S
SHADY,S,H,A,D,Y
SHAFT,S,H,A,F,T
SHAGS,S,H,A,G,S
SHAHS,S,H,A,H,S
SHAKE,S,H,A,K,E
SHAKO,S,H,A,K,O
SHAKY,S,H,A,K,Y
SHALE,S,H,A,L,E
SHALL,S,H,A,L,L
SHALT,S,H,A,L,T
SHAME,S,H,A,M,E
SHAMS,S,H,A,M,S
SHANK,S,H,A,N,K
SHAPE,S,H,A,P,E
SHARD,S,H,A,R,D
SHARE,S,H,A,R,E
SHARK,S,H,A,R,K
SHARP,S,H,A,R,P
SHAVE,S,H,A,V,E
SHAWL,S,H,A,W,L
SHAWM,S,H,A,W,M
SHAYS,S,H,A,Y,S
SHEAF,S,H,E,A,F
SHEAR,S,H,E,A,R
SHEDS,S,H,E,D,S
SHEEN,S,H,E,E,N
SHEEP,S,H,E,E,P
SHEER,S,H,E,E,R
SHEET,S,H,E,E,T
SHEIK,S,H,E,I,K
SHELF,S,H,E,L,F
SHELL,S,H,E,L,L
SHERD,S,H,E,R,D
SHEWS,S,H,E,W,S
SHIED,S,H,I,E,D
SHIER,S,H,I,E,R
SHIES,S,H,I,E,S
SHIFT,S,H,I,F,T
SHIKI,S,H,I,K,I
SHILL,S,H,I,L,L
SHIMS,S,H,I,M,S
SHINE,S,H,I,N,E
SHINS,S,H,I,N,S
SHINY,S,H,I,N,Y
SHIPS,S,H,I,P,S
SHIRE,S,H,I,R,E
SHIRK,S,H,I,R,K
SHIRR,S,H,I,R,R
SHIRT,S,H,I,R,T
SHISH,S,H,I,S,H
SHITS,S,H,I,T,S
SHLEP,S,H,L,E,P
SHMOO,S,H,M,O,O
SHNOR,S,H,N,O,R
SHOAL,S,H,O,A,L
SHOAT,S,H,O,A,T
SHOCK,S,H,O,C,K
SHOED,S,H,O,E,D
SHOER,S,H,O,E,R
SHOES,S,H,O,E,S
SHOJI,S,H,O,J,I
SHONE,S,H,O,N,E
SHOOK,S,H,O,O,K
SHOOS,S,H,O,O,S
SHOOT,S,H,O,O,T
SHOPS,S,H,O,P,S
SHORE,S,H,O,R,E
SHORN,S,H,O,R,N
SHORT,S,H,O,R,T
SHOTS,S,H,O,T,S
SHOUT,S,H,O,U,T
SHOVE,S,H,O,V,E
SHOWN,S,H,O,W,N
SHOWS,S,H,O,W,S
SHOWY,S,H,O,W,Y
SHRED,S,H,R,E,D
SHREW,S,H,R,E,W
SHRUB,S,H,R,U,B
SHRUG,S,H,R,U,G
SHUCK,S,H,U,C,K
SHUNS,S,H,U,N,S
SHUNT,S,H,U,N,T
SHUSH,S,H,U,S,H
SHUTE,S,H,U,T,E
SHUTS,S,H,U,T,S
SHYER,S,H,Y,E,R
SHYLY,S,H,Y,L,Y
SIBYL,S,I,B,Y,L
SICKO,S,I,C,K,O
SICKS,S,I,C,K,S
SIDED,S,I,D,E,D
SIDES,S,I,D,E,S
SIDLE,S,I,D,L,E
SIEGE,S,I,E,G,E
SIEVE,S,I,E,V,E
SIFTS,S,I,F,T,S
SIGHS,S,I,G,H,S
SIGHT,S,I,G,H,T
SIGMA,S,I,G,M,A
SIGNS,S,I,G,N,S
SILKS,S,I,L,K,S
SILKY,S,I,L,K,Y
SILLS,S,I,L,L,S
SILLY,S,I,L,L,Y
SILOS,S,I,L,O,S
SILTS,S,I,L,T,S
SILTY,S,I,L,T,Y
SINCE,S,I,N,C,E
SINES,S,I,N,E,S
SINEW,S,I,N,E,W
SINGE,S,I,N,G,E
SINGS,S,I,N,G,S
SINKS,S,I,N,K,S
SINUS,S,I,N,U,S
SIRED,S,I,R,E,D
SIREE,S,I,R,E,E
SIREN,S,I,R,E,N
SIRES,S,I,R,E,S
SIRUP,S,I,R,U,P
SISAL,S,I,S,A,L
SISSY,S,I,S,S,Y
SITAR,S,I,T,A,R
SITED,S,I,T,E,D
SITES,S,I,T,E,S
SITUS,S,I,T,U,S
SIXES,S,I,X,E,S
SIXTH,S,I,X,T,H
SIXTY,S,I,X,T,Y
SIZED,S,I,Z,E,D
SIZER,S,I,Z,E,R
SIZES,S,I,Z,E,S
SKATE,S,K,A,T,E
SKEET,S,K,E,E,T
SKEIN,S,K,E,I,N
SKEWS,S,K,E,W,S
SKIDS,S,K,I,D,S
SKIED,S,K,I,E,D
SKIER,S,K,I,E,R
SKIES,S,K,I,E,S
SKIFF,S,K,I,F,F
SKILL,S,K,I,L,L
SKIMP,S,K,I,M,P
SKIMS,S,K,I,M,S
SKINS,S,K,I,N,S
SKINT,S,K,I,N,T
SKIPS,S,K,I,P,S
SKIRT,S,K,I,R,T
SKITS,S,K,I,T,S
SKOAL,S,K,O,A,L
SKULK,S,K,U,L,K
SKULL,S,K,U,L,L
SKUNK,S,K,U,N,K
SKYED,S,K,Y,E,D
SLABS,S,L,A,B,S
SLACK,S,L,A,C,K
SLAGS,S,L,A,G,S
SLAIN,S,L,A,I,N
SLAKE,S,L,A,K,E
SLAMS,S,L,A,M,S
SLANG,S,L,A,N,G
SLANT,S,L,A,N,T
SLAPS,S,L,A,P,S
SLASH,S,L,A,S,H
SLATE,S,L,A,T,E
SLATS,S,L,A,T,S
SLAVE,S,L,A,V,E
SLAWS,S,L,A,W,S
SLAYS,S,L,A,Y,S
SLEDS,S,L,E,D,S
SLEEK,S,L,E,E,K
SLEEP,S,L,E,E,P
SLEET,S,L,E,E,T
SLEPT,S,L,E,P,T
SLEWS,S,L,E,W,S
SLICE,S,L,I,C,E
SLICK,S,L,I,C,K
SLIDE,S,L,I,D,E
SLIER,S,L,I,E,R
SLILY,S,L,I,L,Y
SLIME,S,L,I,M,E
SLIMS,S,L,I,M,S
SLIMY,S,L,I,M,Y
SLING,S,L,I,N,G
SLINK,S,L,I,N,K
SLIPS,S,L,I,P,S
SLITS,S,L,I,T,S
SLOBS,S,L,O,B,S
SLOES,S,L,O,E,S
SLOGS,S,L,O,G,S
SLOMO,S,L,O,M,O
SLOOP,S,L,O,O,P
SLOPE,S,L,O,P,E
SLOPS,S,L,O,P,S
SLOSH,S,L,O,S,H
SLOTH,S,L,O,T,H
SLOTS,S,L,O,T,S
SLOWS,S,L,O,W,S
SLUED,S,L,U,E,D
SLUES,S,L,U,E,S
SLUFF,S,L,U,F,F
SLUGS,S,L,U,G,S
SLUMP,S,L,U,M,P
SLUMS,S,L,U,M,S
SLUNG,S,L,U,N,G
SLUNK,S,L,U,N,K
SLURP,S,L,U,R,P
SLURS,S,L,U,R,S
SLUSH,S,L,U,S,H
SLUTS,S,L,U,T,S
SLYER,S,L,Y,E,R
SLYLY,S,L,Y,L,Y
SMACK,S,M,A,C,K
SMALL,S,M,A,L,L
SMART,S,M,A,R,T
SMASH,S,M,A,S,H
SMEAR,S,M,E,A,R
SMELL,S,M,E,L,L
SMELT,S,M,E,L,T
SMILE,S,M,I,L,E
SMIRK,S,M,I,R,K
SMITE,S,M,I,T,E
SMITH,S,M,I,T,H
SMOCK,S,M,O,C,K
SMOGS,S,M,O,G,S
SMOKE,S,M,O,K,E
SMOKY,S,M,O,K,Y
SMOTE,S,M,O,T,E
SMURF,S,M,U,R,F
SMUTS,S,M,U,T,S
SNACK,S,N,A,C,K
SNAFU,S,N,A,F,U
SNAGS,S,N,A,G,S
SNAIL,S,N,A,I,L
SNAKE,S,N,A,K,E
SNAKY,S,N,A,K,Y
SNAPS,S,N,A,P,S
SNARE,S,N,A,R,E
SNARF,S,N,A,R,F
SNARK,S,N,A,R,K
SNARL,S,N,A,R,L
SNEAK,S,N,E,A,K
SNEER,S,N,E,E,R
SNIDE,S,N,I,D,E
SNIFF,S,N,I,F,F
SNIPE,S,N,I,P,E
SNIPS,S,N,I,P,S
SNITS,S,N,I,T,S
SNOBS,S,N,O,B,S
SNOOD,S,N,O,O,D
SNOOK,S,N,O,O,K
SNOOP,S,N,O,O,P
SNOOT,S,N,O,O,T
SNORE,S,N,O,R,E
SNORT,S,N,O,R,T
SNOTS,S,N,O,T,S
SNOUT,S,N,O,U,T
SNOWS,S,N,O,W,S
SNOWY,S,N,O,W,Y
SNUBS,S,N,U,B,S
SNUCK,S,N,U,C,K
SNUFF,S,N,U,F,F
SNUGS,S,N,U,G,S
SOAKS,S,O,A,K,S
SOAPS,S,O,A,P,S
SOAPY,S,O,A,P,Y
SOARS,S,O,A,R,S
SOBER,S,O,B,E,R
SOCKO,S,O,C,K,O
SOCKS,S,O,C,K,S
SOCLE,S,O,C,L,E
SODAS,S,O,D,A,S
SOFAS,S,O,F,A,S
SOFTS,S,O,F,T,S
SOFTY,S,O,F,T,Y
SOGGY,S,O,G,G,Y
SOILS,S,O,I,L,S
SOLAR,S,O,L,A,R
SOLED,S,O,L,E,D
SOLES,S,O,L,E,S
SOLID,S,O,L,I,D
SOLON,S,O,L,O,N
SOLOS,S,O,L,O,S
SOLUM,S,O,L,U,M
SOLVE,S,O,L,V,E
SOMAS,S,O,M,A,S
SONAR,S,O,N,A,R
SONGS,S,O,N,G,S
SONIC,S,O,N,I,C
SONLY,S,O,N,L,Y
SONNY,S,O,N,N,Y
SOOTH,S,O,O,T,H
SOOTS,S,O,O,T,S
SOOTY,S,O,O,T,Y
SOPPY,S,O,P,P,Y
SORER,S,O,R,E,R
SORES,S,O,R,E,S
SORRY,S,O,R,R,Y
SORTA,S,O,R,T,A
SORTS,S,O,R,T,S
SOULS,S,O,U,L,S
SOUND,S,O,U,N,D
SOUPS,S,O,U,P,S
SOUPY,S,O,U,P,Y
SOURS,S,O,U,R,S
SOUSE,S,O,U,S,E
SOUTH,S,O,U,T,H
SOWED,S,O,W,E,D
SOWER,S,O,W,E,R
SOYAS,S,O,Y,A,S
SPACE,S,P,A,C,E
SPACY,S,P,A,C,Y
SPADE,S,P,A,D,E
SPAKE,S,P,A,K,E
SPANG,S,P,A,N,G
SPANK,S,P,A,N,K
SPANS,S,P,A,N,S
SPARE,S,P,A,R,E
SPARK,S,P,A,R,K
SPARS,S,P,A,R,S
SPASM,S,P,A,S,M
SPATE,S,P,A,T,E
SPATS,S,P,A,T,S
SPAWN,S,P,A,W,N
SPAYS,S,P,A,Y,S
SPAZZ,S,P,A,Z,Z
SPEAK,S,P,E,A,K
SPEAR,S,P,E,A,R
SPECK,S,P,E,C,K
SPECS,S,P,E,C,S
SPEED,S,P,E,E,D
SPELL,S,P,E,L,L
SPELT,S,P,E,L,T
SPEND,S,P,E,N,D
SPENT,S,P,E,N,T
SPERM,S,P,E,R,M
SPEWS,S,P,E,W,S
SPICE,S,P,I,C,E
SPICS,S,P,I,C,S
SPICY,S,P,I,C,Y
SPIED,S,P,I,E,D
SPIEL,S,P,I,E,L
SPIER,S,P,I,E,R
SPIES,S,P,I,E,S
SPIFF,S,P,I,F,F
SPIKE,S,P,I,K,E
SPIKY,S,P,I,K,Y
SPILL,S,P,I,L,L
SPILT,S,P,I,L,T
SPINA,S,P,I,N,A
SPINE,S,P,I,N,E
SPINS,S,P,I,N,S
SPINY,S,P,I,N,Y
SPIRE,S,P,I,R,E
SPITE,S,P,I,T,E
SPITS,S,P,I,T,S
SPITZ,S,P,I,T,Z
SPIVS,S,P,I,V,S
SPLAT,S,P,L,A,T
SPLAY,S,P,L,A,Y
SPLIT,S,P,L,I,T
SPOIL,S,P,O,I,L
SPOKE,S,P,O,K,E
SPOOF,S,P,O,O,F
SPOOK,S,P,O,O,K
SPOOL,S,P,O,O,L
SPOON,S,P,O,O,N
SPOOR,S,P,O,O,R
SPORE,S,P,O,R,E
SPORT,S,P,O,R,T
SPOTS,S,P,O,T,S
SPOUT,S,P,O,U,T
SPRAT,S,P,R,A,T
SPRAY,S,P,R,A,Y
SPREE,S,P,R,E,E
SPRIG,S,P,R,I,G
SPRIT,S,P,R,I,T
SPROG,S,P,R,O,G
SPRUE,S,P,R,U,E
SPUDS,S,P,U,D,S
SPUED,S,P,U,E,D
SPUME,S,P,U,M,E
SPUMY,S,P,U,M,Y
SPUNK,S,P,U,N,K
SPURN,S,P,U,R,N
SPURS,S,P,U,R,S
SPURT,S,P,U,R,T
SPUTA,S,P,U,T,A
SQUAB,S,Q,U,A,B
SQUAD,S,Q,U,A,D
SQUAT,S,Q,U,A,T
SQUAW,S,Q,U,A,W
SQUIB,S,Q,U,I,B
SQUID,S,Q,U,I,D
STABS,S,T,A,B,S
STACK,S,T,A,C,K
STAFF,S,T,A,F,F
STAGE,S,T,A,G,E
STAGS,S,T,A,G,S
STAGY,S,T,A,G,Y
STAID,S,T,A,I,D
STAIN,S,T,A,I,N
STAIR,S,T,A,I,R
STAKE,S,T,A,K,E
STALE,S,T,A,L,E
STALK,S,T,A,L,K
STALL,S,T,A,L,L
STAMP,S,T,A,M,P
STAND,S,T,A,N,D
STANK,S,T,A,N,K
STAPH,S,T,A,P,H
STARE,S,T,A,R,E
STARK,S,T,A,R,K
STARS,S,T,A,R,S
START,S,T,A,R,T
STASH,S,T,A,S,H
STATE,S,T,A,T,E
STATS,S,T,A,T,S
STAVE,S,T,A,V,E
STAYS,S,T,A,Y,S
STEAD,S,T,E,A,D
STEAK,S,T,E,A,K
STEAL,S,T,E,A,L
STEAM,S,T,E,A,M
STEED,S,T,E,E,D
STEEL,S,T,E,E,L
STEEP,S,T,E,E,P
STEER,S,T,E,E,R
STEIN,S,T,E,I,N
STELA,S,T,E,L,A
STELE,S,T,E,L,E
STEMS,S,T,E,M,S
STENO,S,T,E,N,O
STEPS,S,T,E,P,S
STERN,S,T,E,R,N
STETS,S,T,E,T,S
STEWS,S,T,E,W,S
STICK,S,T,I,C,K
STIED,S,T,I,E,D
STIES,S,T,I,E,S
STIFF,S,T,I,F,F
STILE,S,T,I,L,E
STILL,S,T,I,L,L
STILT,S,T,I,L,T
STING,S,T,I,N,G
STINK,S,T,I,N,K
STINT,S,T,I,N,T
STIRS,S,T,I,R,S
STOAE,S,T,O,A,E
STOAS,S,T,O,A,S
STOAT,S,T,O,A,T
STOCK,S,T,O,C,K
STOGY,S,T,O,G,Y
STOIC,S,T,O,I,C
STOKE,S,T,O,K,E
STOLE,S,T,O,L,E
STOMA,S,T,O,M,A
STOMP,S,T,O,M,P
STONE,S,T,O,N,E
STONY,S,T,O,N,Y
STOOD,S,T,O,O,D
STOOL,S,T,O,O,L
STOOP,S,T,O,O,P
STOPS,S,T,O,P,S
STORE,S,T,O,R,E
STORK,S,T,O,R,K
STORM,S,T,O,R,M
STORY,S,T,O,R,Y
STOUP,S,T,O,U,P
STOUT,S,T,O,U,T
STOVE,S,T,O,V,E
STOWS,S,T,O,W,S
STRAP,S,T,R,A,P
STRAW,S,T,R,A,W
STRAY,S,T,R,A,Y
STREP,S,T,R,E,P
STREW,S,T,R,E,W
STRIP,S,T,R,I,P
STROP,S,T,R,O,P
STRUM,S,T,R,U,M
STRUT,S,T,R,U,T
STUBS,S,T,U,B,S
STUCK,S,T,U,C,K
STUDS,S,T,U,D,S
STUDY,S,T,U,D,Y
STUFF,S,T,U,F,F
STUMP,S,T,U,M,P
STUNG,S,T,U,N,G
STUNK,S,T,U,N,K
STUNS,S,T,U,N,S
STUNT,S,T,U,N,T
STYES,S,T,Y,E,S
STYLE,S,T,Y,L,E
STYLI,S,T,Y,L,I
SUAVE,S,U,A,V,E
SUCKS,S,U,C,K,S
SUDSY,S,U,D,S,Y
SUEDE,S,U,E,D,E
SUERS,S,U,E,R,S
SUETS,S,U,E,T,S
SUETY,S,U,E,T,Y
SUGAR,S,U,G,A,R
SUING,S,U,I,N,G
SUITE,S,U,I,T,E
SUITS,S,U,I,T,S
SULFA,S,U,L,F,A
SULKS,S,U,L,K,S
SULKY,S,U,L,K,Y
SULLY,S,U,L,L,Y
SUMAC,S,U,M,A,C
SUMMA,S,U,M,M,A
SUMPS,S,U,M,P,S
SUNNY,S,U,N,N,Y
SUNUP,S,U,N,U,P
SUPER,S,U,P,E,R
SUPES,S,U,P,E,S
SUPRA,S,U,P,R,A
SURAS,S,U,R,A,S
SURDS,S,U,R,D,S
SURER,S,U,R,E,R
SURFS,S,U,R,F,S
SURGE,S,U,R,G,E
SURLY,S,U,R,L,Y
SUSHI,S,U,S,H,I
SUTRA,S,U,T,R,A
SWABS,S,W,A,B,S
SWAGS,S,W,A,G,S
SWAIN,S,W,A,I,N
SWAMI,S,W,A,M,I
SWAMP,S,W,A,M,P
SWANK,S,W,A,N,K
SWANS,S,W,A,N,S
SWAPS,S,W,A,P,S
SWARD,S,W,A,R,D
SWARE,S,W,A,R,E
SWARF,S,W,A,R,F
SWARM,S,W,A,R,M
SWART,S,W,A,R,T
SWASH,S,W,A,S,H
SWATH,S,W,A,T,H
SWATS,S,W,A,T,S
SWAYS,S,W,A,Y,S
SWEAR,S,W,E,A,R
SWEAT,S,W,E,A,T
SWEDE,S,W,E,D,E
SWEEP,S,W,E,E,P
SWEET,S,W,E,E,T
SWELL,S,W,E,L,L
SWEPT,S,W,E,P,T
SWIFT,S,W,I,F,T
SWIGS,S,W,I,G,S
SWILL,S,W,I,L,L
SWIMS,S,W,I,M,S
SWINE,S,W,I,N,E
SWING,S,W,I,N,G
SWIPE,S,W,I,P,E
SWIRL,S,W,I,R,L
SWISH,S,W,I,S,H
SWISS,S,W,I,S,S
SWIVE,S,W,I,V,E
SWOON,S,W,O,O,N
SWOOP,S,W,O,O,P
SWORD,S,W,O,R,D
SWORE,S,W,O,R,E
SWORN,S,W,O,R,N
SWUNG,S,W,U,N,G
SYLPH,S,Y,L,P,H
SYNCH,S,Y,N,C,H
SYNCS,S,Y,N,C,S
SYNOD,S,Y,N,O,D
SYRUP,S,Y,R,U,P
TABBY,T,A,B,B,Y
TABLE,T,A,B,L,E
TABOO,T,A,B,O,O
TABOR,T,A,B,O,R
TABUS,T,A,B,U,S
TACET,T,A,C,E,T
TACIT,T,A,C,I,T
TACKS,T,A,C,K,S
TACKY,T,A,C,K,Y
TACOS,T,A,C,O,S
TACTS,T,A,C,T,S
TAELS,T,A,E,L,S
TAFFY,T,A,F,F,Y
TAGUA,T,A,G,U,A
TAILS,T,A,I,L,S
TAINT,T,A,I,N,T
TAKEN,T,A,K,E,N
TAKER,T,A,K,E,R
TAKES,T,A,K,E,S
TALCS,T,A,L,C,S
TALES,T,A,L,E,S
TALKS,T,A,L,K,S
TALKY,T,A,L,K,Y
TALLY,T,A,L,L,Y
TALON,T,A,L,O,N
TALUS,T,A,L,U,S
TAMED,T,A,M,E,D
TAMER,T,A,M,E,R
TAMES,T,A,M,E,S
TAMPS,T,A,M,P,S
TANGO,T,A,N,G,O
TANGS,T,A,N,G,S
TANGY,T,A,N,G,Y
TANKS,T,A,N,K,S
TANSY,T,A,N,S,Y
TAPED,T,A,P,E,D
TAPER,T,A,P,E,R
TAPES,T,A,P,E,S
TAPIR,T,A,P,I,R
TAPIS,T,A,P,I,S
TARDY,T,A,R,D,Y
TARED,T,A,R,E,D
TARES,T,A,R,E,S
TARNS,T,A,R,N,S
TAROS,T,A,R,O,S
TAROT,T,A,R,O,T
TARPS,T,A,R,P,S
TARRY,T,A,R,R,Y
TARTS,T,A,R,T,S
TASKS,T,A,S,K,S
TASTE,T,A,S,T,E
TASTY,T,A,S,T,Y
TATER,T,A,T,E,R
TATTY,T,A,T,T,Y
TAUNT,T,A,U,N,T
TAUPE,T,A,U,P,E
TAWNY,T,A,W,N,Y
TAXED,T,A,X,E,D
TAXER,T,A,X,E,R
TAXES,T,A,X,E,S
TAXIS,T,A,X,I,S
TAXOL,T,A,X,O,L
TAXON,T,A,X,O,N
TEACH,T,E,A,C,H
TEAKS,T,E,A,K,S
TEALS,T,E,A,L,S
TEAMS,T,E,A,M,S
TEARS,T,E,A,R,S
TEARY,T,E,A,R,Y
TEASE,T,E,A,S,E
TEATS,T,E,A,T,S
TECHS,T,E,C,H,S
TECHY,T,E,C,H,Y
TECUM,T,E,C,U,M
TEDDY,T,E,D,D,Y
TEEMS,T,E,E,M,S
TEENS,T,E,E,N,S
TEENY,T,E,E,N,Y
TEETH,T,E,E,T,H
TELEX,T,E,L,E,X
TELLS,T,E,L,L,S
TELLY,T,E,L,L,Y
TEMPI,T,E,M,P,I
TEMPO,T,E,M,P,O
TEMPS,T,E,M,P,S
TEMPT,T,E,M,P,T
TENCH,T,E,N,C,H
TENDS,T,E,N,D,S
TENET,T,E,N,E,T
TENON,T,E,N,O,N
TENOR,T,E,N,O,R
TENSE,T,E,N,S,E
TENTH,T,E,N,T,H
TENTS,T,E,N,T,S
TEPEE,T,E,P,E,E
TEPID,T,E,P,I,D
TERCE,T,E,R,C,E
TERMS,T,E,R,M,S
TERNS,T,E,R,N,S
TERRA,T,E,R,R,A
TERRY,T,E,R,R,Y
TERSE,T,E,R,S,E
TESLA,T,E,S,L,A
TESTS,T,E,S,T,S
TESTY,T,E,S,T,Y
TETRA,T,E,T,R,A
TEXAS,T,E,X,A,S
TEXTS,T,E,X,T,S
THANE,T,H,A,N,E
THANK,T,H,A,N,K
THANX,T,H,A,N,X
THATS,T,H,A,T,S
THAWS,T,H,A,W,S
THEES,T,H,E,E,S
THEFT,T,H,E,F,T
THEIR,T,H,E,I,R
THEME,T,H,E,M,E
THENS,T,H,E,N,S
THERE,T,H,E,R,E
THERM,T,H,E,R,M
THESE,T,H,E,S,E
THETA,T,H,E,T,A
THEWS,T,H,E,W,S
THICK,T,H,I,C,K
THIEF,T,H,I,E,F
THIGH,T,H,I,G,H
THINE,T,H,I,N,E
THING,T,H,I,N,G
THINK,T,H,I,N,K
THINS,T,H,I,N,S
THIRD,T,H,I,R,D
THONG,T,H,O,N,G
THORN,T,H,O,R,N
THOSE,T,H,O,S,E
THOUS,T,H,O,U,S
THREE,T,H,R,E,E
THREW,T,H,R,E,W
THROB,T,H,R,O,B
THROE,T,H,R,O,E
THROW,T,H,R,O,W
THRUM,T,H,R,U,M
THUDS,T,H,U,D,S
THUGS,T,H,U,G,S
THUMB,T,H,U,M,B
THUMP,T,H,U,M,P
THUNK,T,H,U,N,K
THWAP,T,H,W,A,P
THYME,T,H,Y,M,E
TIARA,T,I,A,R,A
TIBIA,T,I,B,I,A
TICKS,T,I,C,K,S
TIDAL,T,I,D,A,L
TIDED,T,I,D,E,D
TIDES,T,I,D,E,S
TIERS,T,I,E,R,S
TIFFS,T,I,F,F,S
TIGER,T,I,G,E,R
TIGHT,T,I,G,H,T
TIKES,T,I,K,E,S
TIKIS,T,I,K,I,S
TILDE,T,I,L,D,E
TILED,T,I,L,E,D
TILER,T,I,L,E,R
TILES,T,I,L,E,S
TILLS,T,I,L,L,S
TILTH,T,I,L,T,H
TILTS,T,I,L,T,S
TIMED,T,I,M,E,D
TIMER,T,I,M,E,R
TIMES,T,I,M,E,S
TIMID,T,I,M,I,D
TINES,T,I,N,E,S
TINGE,T,I,N,G,E
TINGS,T,I,N,G,S
TINNY,T,I,N,N,Y
TINTS,T,I,N,T,S
TIPPY,T,I,P,P,Y
TIPSY,T,I,P,S,Y
TIRED,T,I,R,E,D
TIRES,T,I,R,E,S
TIROS,T,I,R,O,S
TITAN,T,I,T,A,N
TITER,T,I,T,E,R
TITHE,T,I,T,H,E
TITLE,T,I,T,L,E
TITRE,T,I,T,R,E
TITTY,T,I,T,T,Y
TIZZY,T,I,Z,Z,Y
TOADS,T,O,A,D,S
TOADY,T,O,A,D,Y
TOAST,T,O,A,S,T
TODAY,T,O,D,A,Y
TODDY,T,O,D,D,Y
TOFFS,T,O,F,F,S
TOFFY,T,O,F,F,Y
TOGAS,T,O,G,A,S
TOILE,T,O,I,L,E
TOILS,T,O,I,L,S
TOKED,T,O,K,E,D
TOKEN,T,O,K,E,N
TOKER,T,O,K,E,R
TOKES,T,O,K,E,S
TOLLS,T,O,L,L,S
TOMBS,T,O,M,B,S
TOMES,T,O,M,E,S
TOMMY,T,O,M,M,Y
TONAL,T,O,N,A,L
TONED,T,O,N,E,D
TONER,T,O,N,E,R
TONES,T,O,N,E,S
TONGS,T,O,N,G,S
TONIC,T,O,N,I,C
TOOLS,T,O,O,L,S
TOONS,T,O,O,N,S
TOOTH,T,O,O,T,H
TOOTS,T,O,O,T,S
TOPAZ,T,O,P,A,Z
TOPED,T,O,P,E,D
TOPER,T,O,P,E,R
TOPES,T,O,P,E,S
TOPIC,T,O,P,I,C
TOPOI,T,O,P,O,I
TOPOS,T,O,P,O,S
TOQUE,T,O,Q,U,E
TORAH,T,O,R,A,H
TORCH,T,O,R,C,H
TORIC,T,O,R,I,C
TORSI,T,O,R,S,I
TORSO,T,O,R,S,O
TORTE,T,O,R,T,E
TORTS,T,O,R,T,S
TORUS,T,O,R,U,S
TOTAL,T,O,T,A,L
TOTED,T,O,T,E,D
TOTEM,T,O,T,E,M
TOTER,T,O,T,E,R
TOTES,T,O,T,E,S
TOTTY,T,O,T,T,Y
TOUCH,T,O,U,C,H
TOUGH,T,O,U,G,H
TOURS,T,O,U,R,S
TOUTS,T,O,U,T,S
TOVES,T,O,V,E,S
TOWED,T,O,W,E,D
TOWEL,T,O,W,E,L
TOWER,T,O,W,E,R
TOWNS,T,O,W,N,S
TOXIC,T,O,X,I,C
TOXIN,T,O,X,I,N
TOYED,T,O,Y,E,D
TOYER,T,O,Y,E,R
TOYON,T,O,Y,O,N
TRACE,T,R,A,C,E
TRACK,T,R,A,C,K
TRACT,T,R,A,C,T
TRADE,T,R,A,D,E
TRAIL,T,R,A,I,L
TRAIN,T,R,A,I,N
TRAIT,T,R,A,I,T
TRAMP,T,R,A,M,P
TRAMS,T,R,A,M,S
TRANS,T,R,A,N,S
TRAPS,T,R,A,P,S
TRASH,T,R,A,S,H
TRAWL,T,R,A,W,L
TRAYS,T,R,A,Y,S
TREAD,T,R,E,A,D
TREAP,T,R,E,A,P
TREAT,T,R,E,A,T
TREED,T,R,E,E,D
TREES,T,R,E,E,S
TREKS,T,R,E,K,S
TREND,T,R,E,N,D
TRESS,T,R,E,S,S
TREWS,T,R,E,W,S
TREYS,T,R,E,Y,S
TRIAD,T,R,I,A,D
TRIAL,T,R,I,A,L
TRIBE,T,R,I,B,E
TRIBS,T,R,I,B,S
TRICE,T,R,I,C,E
TRICK,T,R,I,C,K
TRIED,T,R,I,E,D
TRIER,T,R,I,E,R
TRIES,T,R,I,E,S
TRIKE,T,R,I,K,E
TRILL,T,R,I,L,L
TRIMS,T,R,I,M,S
TRIOS,T,R,I,O,S
TRIPE,T,R,I,P,E
TRIPS,T,R,I,P,S
TRITE,T,R,I,T,E
TROLL,T,R,O,L,L
TROMP,T,R,O,M,P
TROOP,T,R,O,O,P
TROTH,T,R,O,T,H
TROTS,T,R,O,T,S
TROUT,T,R,O,U,T
TROVE,T,R,O,V,E
TROWS,T,R,O,W,S
TRUCE,T,R,U,C,E
TRUCK,T,R,U,C,K
TRUED,T,R,U,E,D
TRUER,T,R,U,E,R
TRUES,T,R,U,E,S
TRULY,T,R,U,L,Y
TRUMP,T,R,U,M,P
TRUNK,T,R,U,N,K
TRUSS,T,R,U,S,S
TRUST,T,R,U,S,T
TRUTH,T,R,U,T,H
TRYST,T,R,Y,S,T
TSARS,T,S,A,R,S
TUANS,T,U,A,N,S
TUBAL,T,U,B,A,L
TUBAS,T,U,B,A,S
TUBBY,T,U,B,B,Y
TUBED,T,U,B,E,D
TUBER,T,U,B,E,R
TUBES,T,U,B,E,S
TUCKS,T,U,C,K,S
TUFAS,T,U,F,A,S
TUFTS,T,U,F,T,S
TUFTY,T,U,F,T,Y
TULIP,T,U,L,I,P
TULLE,T,U,L,L,E
TUMMY,T,U,M,M,Y
TUMOR,T,U,M,O,R
TUNAS,T,U,N,A,S
TUNED,T,U,N,E,D
TUNER,T,U,N,E,R
TUNES,T,U,N,E,S
TUNIC,T,U,N,I,C
TUNNY,T,U,N,N,Y
TUPLE,T,U,P,L,E
TURBO,T,U,R,B,O
TURDS,T,U,R,D,S
TURDY,T,U,R,D,Y
TURFS,T,U,R,F,S
TURFY,T,U,R,F,Y
TURNS,T,U,R,N,S
TURPS,T,U,R,P,S
TUSKS,T,U,S,K,S
TUSKY,T,U,S,K,Y
TUTOR,T,U,T,O,R
TUTTI,T,U,T,T,I
TUTUS,T,U,T,U,S
TUXES,T,U,X,E,S
TWAIN,T,W,A,I,N
TWANG,T,W,A,N,G
TWATS,T,W,A,T,S
TWEAK,T,W,E,A,K
TWEED,T,W,E,E,D
TWEET,T,W,E,E,T
TWERP,T,W,E,R,P
TWICE,T,W,I,C,E
TWIGS,T,W,I,G,S
TWILL,T,W,I,L,L
TWINE,T,W,I,N,E
TWINK,T,W,I,N,K
TWINS,T,W,I,N,S
TWINY,T,W,I,N,Y
TWIRL,T,W,I,R,L
TWIRP,T,W,I,R,P
TWIST,T,W,I,S,T
TWITS,T,W,I,T,S
TWIXT,T,W,I,X,T
TYING,T,Y,I,N,G
TYKES,T,Y,K,E,S
TYPAL,T,Y,P,A,L
TYPED,T,Y,P,E,D
TYPES,T,Y,P,E,S
TYPOS,T,Y,P,O,S
TYRES,T,Y,R,E,S
TYROS,T,Y,R,O,S
TZARS,T,Z,A,R,S
UDDER,U,D,D,E,R
UKASE,U,K,A,S,E
ULCER,U,L,C,E,R
ULNAR,U,L,N,A,R
ULNAS,U,L,N,A,S
ULTRA,U,L,T,R,A
UMBEL,U,M,B,E,L
UMBER,U,M,B,E,R
UMBRA,U,M,B,R,A
UMIAK,U,M,I,A,K
UMPED,U,M,P,E,D
UMPTY,U,M,P,T,Y
UNAPT,U,N,A,P,T
UNARC,U,N,A,R,C
UNARM,U,N,A,R,M
UNARY,U,N,A,R,Y
UNATE,U,N,A,T,E
UNBAN,U,N,B,A,N
UNBAR,U,N,B,A,R
UNBOX,U,N,B,O,X
UNCAP,U,N,C,A,P
UNCLE,U,N,C,L,E
UNCUT,U,N,C,U,T
UNDER,U,N,D,E,R
UNDID,U,N,D,I,D
UNDUE,U,N,D,U,E
UNFED,U,N,F,E,D
UNFIT,U,N,F,I,T
UNFIX,U,N,F,I,X
UNHIP,U,N,H,I,P
UNHIT,U,N,H,I,T
UNIFY,U,N,I,F,Y
UNION,U,N,I,O,N
UNITE,U,N,I,T,E
UNITS,U,N,I,T,S
UNITY,U,N,I,T,Y
UNJAM,U,N,J,A,M
UNLIT,U,N,L,I,T
UNMAN,U,N,M,A,N
UNMAP,U,N,M,A,P
UNMET,U,N,M,E,T
UNPEG,U,N,P,E,G
UNPIN,U,N,P,I,N
UNRIG,U,N,R,I,G
UNSAY,U,N,S,A,Y
UNSEE,U,N,S,E,E
UNSET,U,N,S,E,T
UNSEW,U,N,S,E,W
UNSEX,U,N,S,E,X
UNTIE,U,N,T,I,E
UNTIL,U,N,T,I,L
UNWED,U,N,W,E,D
UNWON,U,N,W,O,N
UNZIP,U,N,Z,I,P
UPEND,U,P,E,N,D
UPPED,U,P,P,E,D
UPPER,U,P,P,E,R
UPSET,U,P,S,E,T
URBAN,U,R,B,A,N
UREAS,U,R,E,A,S
URGED,U,R,G,E,D
URGER,U,R,G,E,R
URGES,U,R,G,E,S
URINE,U,R,I,N,E
USAGE,U,S,A,G,E
USERS,U,S,E,R,S
USHER,U,S,H,E,R
USING,U,S,I,N,G
USUAL,U,S,U,A,L
USURP,U,S,U,R,P
USURY,U,S,U,R,Y
UTERI,U,T,E,R,I
UTERO,U,T,E,R,O
UTTER,U,T,T,E,R
UVULA,U,V,U,L,A
VACUA,V,A,C,U,A
VACUO,V,A,C,U,O
VAGUE,V,A,G,U,E
VAGUS,V,A,G,U,S
VAILS,V,A,I,L,S
VALES,V,A,L,E,S
VALET,V,A,L,E,T
VALID,V,A,L,I,D
VALOR,V,A,L,O,R
VALUE,V,A,L,U,E
VALVE,V,A,L,V,E
VAMPS,V,A,M,P,S
VANED,V,A,N,E,D
VANES,V,A,N,E,S
VAPES,V,A,P,E,S
VAPID,V,A,P,I,D
VAPOR,V,A,P,O,R
VARIA,V,A,R,I,A
VASES,V,A,S,E,S
VAULT,V,A,U,L,T
VAUNT,V,A,U,N,T
VEALS,V,E,A,L,S
VEEPS,V,E,E,P,S
VEERS,V,E,E,R,S
VEGAN,V,E,G,A,N
VEILS,V,E,I,L,S
VEINS,V,E,I,N,S
VEINY,V,E,I,N,Y
VELAR,V,E,L,A,R
VELDS,V,E,L,D,S
VELDT,V,E,L,D,T
VENAL,V,E,N,A,L
VENDS,V,E,N,D,S
VENOM,V,E,N,O,M
VENTS,V,E,N,T,S
VENUE,V,E,N,U,E
VERBS,V,E,R,B,S
VERGE,V,E,R,G,E
VERSA,V,E,R,S,A
VERSE,V,E,R,S,E
VERSO,V,E,R,S,O
VERST,V,E,R,S,T
VERVE,V,E,R,V,E
VESTS,V,E,S,T,S
VETCH,V,E,T,C,H
VEXED,V,E,X,E,D
VEXES,V,E,X,E,S
VIALS,V,I,A,L,S
VIAND,V,I,A,N,D
VIBES,V,I,B,E,S
VICAR,V,I,C,A,R
VICES,V,I,C,E,S
VIDEO,V,I,D,E,O
VIERS,V,I,E,R,S
VIEWS,V,I,E,W,S
VIGIL,V,I,G,I,L
VIGOR,V,I,G,O,R
VILER,V,I,L,E,R
VILLA,V,I,L,L,A
VILLE,V,I,L,L,E
VILLI,V,I,L,L,I
VINCA,V,I,N,C,A
VINED,V,I,N,E,D
VINES,V,I,N,E,S
VINYL,V,I,N,Y,L
VIOLA,V,I,O,L,A
VIOLS,V,I,O,L,S
VIPER,V,I,P,E,R
VIRAL,V,I,R,A,L
VIREO,V,I,R,E,O
VIRES,V,I,R,E,S
VIRUS,V,I,R,U,S
VISAS,V,I,S,A,S
VISED,V,I,S,E,D
VISES,V,I,S,E,S
VISIT,V,I,S,I,T
VISOR,V,I,S,O,R
VISTA,V,I,S,T,A
VITAE,V,I,T,A,E
VITAL,V,I,T,A,L
VITAM,V,I,T,A,M
VITAS,V,I,T,A,S
VITRO,V,I,T,R,O
VIVAS,V,I,V,A,S
VIVID,V,I,V,I,D
VIVRE,V,I,V,R,E
VIXEN,V,I,X,E,N
VIZOR,V,I,Z,O,R
VOCAB,V,O,C,A,B
VOCAL,V,O,C,A,L
VODKA,V,O,D,K,A
VOGUE,V,O,G,U,E
VOICE,V,O,I,C,E
VOIDS,V,O,I,D,S
VOILA,V,O,I,L,A
VOILE,V,O,I,L,E
VOLTS,V,O,L,T,S
VOMIT,V,O,M,I,T
VOTED,V,O,T,E,D
VOTER,V,O,T,E,R
VOTES,V,O,T,E,S
VOUCH,V,O,U,C,H
VOWED,V,O,W,E,D
VOWEL,V,O,W,E,L
VOWER,V,O,W,E,R
VOXEL,V,O,X,E,L
VROOM,V,R,O,O,M
VULVA,V,U,L,V,A
VYING,V,Y,I,N,G
WACKO,W,A,C,K,O
WACKY,W,A,C,K,Y
WADED,W,A,D,E,D
WADER,W,A,D,E,R
WADES,W,A,D,E,S
WADIS,W,A,D,I,S
WAFER,W,A,F,E,R
WAFTS,W,A,F,T,S
WAGED,W,A,G,E,D
WAGER,W,A,G,E,R
WAGES,W,A,G,E,S
WAGON,W,A,G,O,N
WAHOO,W,A,H,O,O
WAIFS,W,A,I,F,S
WAILS,W,A,I,L,S
WAIST,W,A,I,S,T
WAITS,W,A,I,T,S
WAIVE,W,A,I,V,E
WAKED,W,A,K,E,D
WAKEN,W,A,K,E,N
WAKER,W,A,K,E,R
WAKES,W,A,K,E,S
WALED,W,A,L,E,D
WALES,W,A,L,E,S
WALKS,W,A,L,K,S
WALLS,W,A,L,L,S
WALTZ,W,A,L,T,Z
WANDS,W,A,N,D,S
WANED,W,A,N,E,D
WANES,W,A,N,E,S
WANLY,W,A,N,L,Y
WANNA,W,A,N,N,A
WANTA,W,A,N,T,A
WANTS,W,A,N,T,S
WARDS,W,A,R,D,S
WARES,W,A,R,E,S
WARMS,W,A,R,M,S
WARNS,W,A,R,N,S
WARPS,W,A,R,P,S
WARTS,W,A,R,T,S
WARTY,W,A,R,T,Y
WASHY,W,A,S,H,Y
WASPS,W,A,S,P,S
WASPY,W,A,S,P,Y
WASSA,W,A,S,S,A
WASTE,W,A,S,T,E
WATCH,W,A,T,C,H
WATER,W,A,T,E,R
WATSA,W,A,T,S,A
WATTS,W,A,T,T,S
WAVED,W,A,V,E,D
WAVER,W,A,V,E,R
WAVES,W,A,V,E,S
WAXED,W,A,X,E,D
WAXEN,W,A,X,E,N
WAXER,W,A,X,E,R
WAXES,W,A,X,E,S
WAZOO,W,A,Z,O,O
WEALD,W,E,A,L,D
WEALS,W,E,A,L,S
WEANS,W,E,A,N,S
WEARS,W,E,A,R,S
WEARY,W,E,A,R,Y
WEAVE,W,E,A,V,E
WEBBY,W,E,B,B,Y
WEBER,W,E,B,E,R
WEDGE,W,E,D,G,E
WEDGY,W,E,D,G,Y
WEEDS,W,E,E,D,S
WEEDY,W,E,E,D,Y
WEEKS,W,E,E,K,S
WEENY,W,E,E,N,Y
WEEPS,W,E,E,P,S
WEEPY,W,E,E,P,Y
WEEST,W,E,E,S,T
WEFTS,W,E,F,T,S
WEIGH,W,E,I,G,H
WEIRD,W,E,I,R,D
WEIRS,W,E,I,R,S
WELCH,W,E,L,C,H
WELDS,W,E,L,D,S
WELLS,W,E,L,L,S
WELSH,W,E,L,S,H
WELTS,W,E,L,T,S
WENCH,W,E,N,C,H
WENDS,W,E,N,D,S
WESTS,W,E,S,T,S
WETLY,W,E,T,L,Y
WHACK,W,H,A,C,K
WHALE,W,H,A,L,E
WHAMS,W,H,A,M,S
WHANG,W,H,A,N,G
WHARF,W,H,A,R,F
WHATS,W,H,A,T,S
WHEAL,W,H,E,A,L
WHEAT,W,H,E,A,T
WHEEE,W,H,E,E,E
WHEEL,W,H,E,E,L
WHELK,W,H,E,L,K
WHELM,W,H,E,L,M
WHELP,W,H,E,L,P
WHENS,W,H,E,N,S
WHERE,W,H,E,R,E
WHETS,W,H,E,T,S
WHEWS,W,H,E,W,S
WHEYS,W,H,E,Y,S
WHICH,W,H,I,C,H
WHIFF,W,H,I,F,F
WHILE,W,H,I,L,E
WHIMS,W,H,I,M,S
WHINE,W,H,I,N,E
WHINY,W,H,I,N,Y
WHIPS,W,H,I,P,S
WHIPT,W,H,I,P,T
WHIRL,W,H,I,R,L
WHIRR,W,H,I,R,R
WHIRS,W,H,I,R,S
WHISH,W,H,I,S,H
WHISK,W,H,I,S,K
WHIST,W,H,I,S,T
WHITE,W,H,I,T,E
WHITS,W,H,I,T,S
WHIZZ,W,H,I,Z,Z
WHOAS,W,H,O,A,S
WHOLE,W,H,O,L,E
WHOMP,W,H,O,M,P
WHOOO,W,H,O,O,O
WHOOP,W,H,O,O,P
WHOPS,W,H,O,P,S
WHORE,W,H,O,R,E
WHORL,W,H,O,R,L
WHOSE,W,H,O,S,E
WHOSO,W,H,O,S,O
WHUMP,W,H,U,M,P
WICKS,W,I,C,K,S
WIDEN,W,I,D,E,N
WIDER,W,I,D,E,R
WIDOW,W,I,D,O,W
WIDTH,W,I,D,T,H
WIELD,W,I,E,L,D
WIFEY,W,I,F,E,Y
WILCO,W,I,L,C,O
WILDS,W,I,L,D,S
WILED,W,I,L,E,D
WILES,W,I,L,E,S
WILLS,W,I,L,L,S
WILTS,W,I,L,T,S
WIMPS,W,I,M,P,S
WIMPY,W,I,M,P,Y
WINCE,W,I,N,C,E
WINCH,W,I,N,C,H
WINDS,W,I,N,D,S
WINDY,W,I,N,D,Y
WINED,W,I,N,E,D
WINES,W,I,N,E,S
WINEY,W,I,N,E,Y
WINGS,W,I,N,G,S
WINKS,W,I,N,K,S
WINOS,W,I,N,O,S
WIPED,W,I,P,E,D
WIPER,W,I,P,E,R
WIPES,W,I,P,E,S
WIRED,W,I,R,E,D
WIRER,W,I,R,E,R
WIRES,W,I,R,E,S
WISED,W,I,S,E,D
WISER,W,I,S,E,R
WISES,W,I,S,E,S
WISPS,W,I,S,P,S
WISPY,W,I,S,P,Y
WISTS,W,I,S,T,S
WITCH,W,I,T,C,H
WITHS,W,I,T,H,S
WITTY,W,I,T,T,Y
WIVES,W,I,V,E,S
WIZEN,W,I,Z,E,N
WOKEN,W,O,K,E,N
WOLDS,W,O,L,D,S
WOMAN,W,O,M,A,N
WOMBS,W,O,M,B,S
WOMEN,W,O,M,E,N
WONKS,W,O,N,K,S
WONKY,W,O,N,K,Y
WONTS,W,O,N,T,S
WOODS,W,O,O,D,S
WOODY,W,O,O,D,Y
WOOED,W,O,O,E,D
WOOER,W,O,O,E,R
WOOFS,W,O,O,F,S
WOOLS,W,O,O,L,S
WOOLY,W,O,O,L,Y
WOOSH,W,O,O,S,H
WOOZY,W,O,O,Z,Y
WORDS,W,O,R,D,S
WORDY,W,O,R,D,Y
WORKS,W,O,R,K,S
WORLD,W,O,R,L,D
WORMS,W,O,R,M,S
WORMY,W,O,R,M,Y
WORRY,W,O,R,R,Y
WORSE,W,O,R,S,E
WORST,W,O,R,S,T
WORTH,W,O,R,T,H
WORTS,W,O,R,T,S
WOULD,W,O,U,L,D
WOUND,W,O,U,N,D
WOVEN,W,O,V,E,N
WOWED,W,O,W,E,D
WOWEE,W,O,W,E,E
WRACK,W,R,A,C,K
WRAPS,W,R,A,P,S
WRATH,W,R,A,T,H
WREAK,W,R,E,A,K
WRECK,W,R,E,C,K
WRENS,W,R,E,N,S
WREST,W,R,E,S,T
WRIER,W,R,I,E,R
WRING,W,R,I,N,G
WRIST,W,R,I,S,T
WRITE,W,R,I,T,E
WRITS,W,R,I,T,S
WRONG,W,R,O,N,G
WROTE,W,R,O,T,E
WROTH,W,R,O,T,H
WRUNG,W,R,U,N,G
WRYER,W,R,Y,E,R
WRYLY,W,R,Y,L,Y
WURST,W,U,R,S,T
XENON,X,E,N,O,N
XEROX,X,E,R,O,X
XORED,X,O,R,E,D
XYLEM,X,Y,L,E,M
YACHT,Y,A,C,H,T
YAHOO,Y,A,H,O,O
YANKS,Y,A,N,K,S
YARDS,Y,A,R,D,S
YARNS,Y,A,R,N,S
YAWED,Y,A,W,E,D
YAWLS,Y,A,W,L,S
YAWNS,Y,A,W,N,S
YAWNY,Y,A,W,N,Y
YAWPS,Y,A,W,P,S
YEARN,Y,E,A,R,N
YEARS,Y,E,A,R,S
YEAST,Y,E,A,S,T
YECCH,Y,E,C,C,H
YELLA,Y,E,L,L,A
YELLS,Y,E,L,L,S
YELPS,Y,E,L,P,S
YENTA,Y,E,N,T,A
YERBA,Y,E,R,B,A
YESES,Y,E,S,E,S
YIELD,Y,I,E,L,D
YIKES,Y,I,K,E,S
YIPES,Y,I,P,E,S
YOBBO,Y,O,B,B,O
YODEL,Y,O,D,E,L
YOGAS,Y,O,G,A,S
YOGIC,Y,O,G,I,C
YOGIS,Y,O,G,I,S
YOKED,Y,O,K,E,D
YOKEL,Y,O,K,E,L
YOKES,Y,O,K,E,S
YOLKS,Y,O,L,K,S
YOLKY,Y,O,L,K,Y
YORES,Y,O,R,E,S
YOUNG,Y,O,U,N,G
YOURN,Y,O,U,R,N
YOURS,Y,O,U,R,S
YOUSE,Y,O,U,S,E
YOUTH,Y,O,U,T,H
YOWLS,Y,O,W,L,S
YOYOS,Y,O,Y,O,S
YUCCA,Y,U,C,C,A
YUCKY,Y,U,C,K,Y
YUKKY,Y,U,K,K,Y
YULES,Y,U,L,E,S
YUMMY,Y,U,M,M,Y
YURTS,Y,U,R,T,S
ZAPPY,Z,A,P,P,Y
ZAYIN,Z,A,Y,I,N
ZEALS,Z,E,A,L,S
ZEBRA,Z,E,B,R,A
ZEBUS,Z,E,B,U,S
ZEROS,Z,E,R,O,S
ZESTS,Z,E,S,T,S
ZESTY,Z,E,S,T,Y
ZETAS,Z,E,T,A,S
ZILCH,Z,I,L,C,H
ZINCS,Z,I,N,C,S
ZINGS,Z,I,N,G,S
ZINGY,Z,I,N,G,Y
ZIPPY,Z,I,P,P,Y
ZLOTY,Z,L,O,T,Y
ZOMBI,Z,O,M,B,I
ZONAL,Z,O,N,A,L
ZONED,Z,O,N,E,D
ZONES,Z,O,N,E,S
ZONKS,Z,O,N,K,S
ZOOEY,Z,O,O,E,Y
ZOOKS,Z,O,O,K,S
ZOOMS,Z,O,O,M,S
ZOWIE,Z,O,W,I,E